Student_ID,College_Tier,Department,CGPA,Gender,Attendance_%,Sessions_Attended,Login_Frequency,Time_Spent_Hours,Active_Days,Videos_Watched,Video_Completion_%,Quizzes_Attempted,Quiz_Score,Doubts_Raised,Doubts_Resolved,Hackathons,Workshops,Placement_Status
0,3,ECE,9.24,Female,79,66,3,23,4,183,75,7,67,17,6,4,0,1
1,4,ECE,7.47,Female,76,169,6,38,4,55,32,38,52,13,6,0,5,0
2,1,Civil,5.98,Female,79,96,1,4,3,189,93,5,41,0,5,2,6,1
3,3,CSE,8.68,Male,72,153,5,36,4,52,43,13,80,3,17,0,7,1
4,3,Mechanical,7.09,Male,64,103,2,29,6,112,43,33,52,1,13,4,4,1
5,4,Mechanical,7.97,Male,56,136,2,22,4,197,65,44,80,6,4,3,8,1
6,1,Civil,5.54,Female,96,136,6,6,2,16,77,45,44,19,4,2,4,1
7,1,Civil,8.16,Female,90,22,6,7,4,12,88,7,49,18,15,4,6,1
8,3,Mechanical,6.87,Male,42,43,2,13,1,192,63,46,74,5,12,2,3,0
9,2,Mechanical,6.67,Female,57,195,3,33,4,146,93,22,48,5,4,4,4,0
10,3,CSE,9.9,Female,82,54,2,4,6,13,40,14,59,12,16,1,7,1
11,3,Civil,7.16,Male,93,162,3,17,6,34,53,24,86,0,1,4,8,1
12,3,CSE,8.39,Female,46,29,1,30,3,76,70,24,82,11,5,2,7,0
13,3,Civil,8.14,Female,64,79,4,25,6,117,59,40,81,18,15,3,1,0
14,4,Civil,5.52,Male,85,98,3,2,6,169,66,48,49,3,5,1,9,0
15,1,CSE,8.74,Female,54,47,2,27,5,176,95,19,73,6,15,0,0,1
16,4,ECE,6.62,Female,49,104,3,2,2,57,62,16,93,10,13,4,9,0
17,4,ECE,8.99,Male,55,41,6,17,3,75,89,38,44,19,7,1,2,1
18,4,ECE,8.04,Female,65,80,2,24,5,97,56,22,75,11,17,1,4,1
19,3,Civil,6.59,Female,60,197,2,19,2,96,77,18,83,4,9,2,6,0
20,2,CSE,6.78,Male,99,172,1,22,3,139,39,45,54,13,3,4,3,1
21,1,ECE,8.66,Female,49,173,4,2,6,99,70,47,54,15,9,1,4,1
22,2,Mechanical,7.75,Female,50,112,3,31,6,109,83,7,86,1,16,3,0,0
23,4,ECE,8.34,Female,86,68,2,32,4,82,33,34,60,4,0,4,0,1
24,4,CSE,5.79,Female,59,105,2,10,4,64,69,16,93,2,4,4,2,1
25,2,Civil,8.93,Male,73,70,1,3,6,70,60,11,55,11,8,4,7,1
26,2,CSE,6.6,Female,78,149,3,29,2,123,80,31,69,16,18,0,6,0
27,2,Civil,8.1,Male,59,177,3,36,1,61,67,16,69,1,11,4,7,0
28,4,CSE,5.57,Female,89,160,6,2,1,85,57,8,78,14,10,1,1,1
29,4,CSE,6.61,Male,52,113,2,25,2,123,41,30,70,9,15,3,8,1
30,1,Mechanical,8.24,Female,62,25,6,14,6,47,64,14,95,7,6,3,9,0
31,1,ECE,6.37,Male,53,109,3,11,3,49,41,22,98,18,7,0,3,1
32,4,ECE,9.4,Female,67,56,2,19,5,157,42,43,97,10,14,0,5,0
33,2,CSE,8.31,Female,81,172,2,32,2,115,78,9,94,12,4,0,9,0
34,2,ECE,9.35,Female,62,90,4,8,2,37,63,9,96,19,5,2,8,1
35,1,Mechanical,6.98,Male,79,119,1,28,6,190,62,22,58,15,6,1,6,1
36,4,CSE,5.17,Female,43,132,6,13,6,121,50,12,57,10,6,2,4,1
37,1,ECE,7.88,Female,73,14,4,32,5,161,66,8,61,9,17,4,8,1
38,1,ECE,6.7,Male,87,133,4,8,3,74,44,15,74,8,5,2,8,1
39,3,Civil,7.24,Male,73,196,1,14,4,29,90,23,42,0,3,0,2,0
40,3,ECE,8.41,Female,99,172,1,6,5,69,81,44,65,11,2,1,6,1
41,3,ECE,8.5,Female,58,13,4,34,1,170,46,38,96,2,9,1,5,0
42,2,Civil,5.14,Female,65,77,2,2,2,28,73,11,75,8,16,4,6,0
43,4,CSE,8.85,Female,50,99,3,38,1,101,45,35,89,0,14,2,0,0
44,4,CSE,7.47,Male,69,90,3,34,3,25,42,9,76,3,19,3,8,1
45,4,Mechanical,7.78,Male,57,97,1,11,6,150,31,28,84,16,16,3,1,0
46,4,Civil,6.49,Male,69,42,5,22,1,11,47,43,55,17,18,4,1,1
47,3,CSE,7.1,Male,57,76,3,21,1,80,39,24,58,17,17,0,8,1
48,2,ECE,8.55,Female,97,149,5,28,3,47,62,14,67,14,9,0,0,1
49,2,ECE,8.88,Female,50,180,3,32,1,59,73,8,94,5,18,1,6,1
50,3,ECE,6.94,Male,41,153,6,8,1,13,69,8,68,14,3,3,6,0
51,2,Mechanical,8.46,Female,58,29,1,26,6,28,78,43,84,18,6,2,5,1
52,3,CSE,6.29,Male,60,72,1,22,6,128,40,47,43,4,10,3,2,1
53,4,Civil,9.16,Male,99,107,3,17,3,163,96,47,54,10,15,2,2,0
54,3,CSE,8.05,Female,98,72,1,25,5,91,81,7,77,3,10,1,5,1
55,4,Civil,8.88,Male,56,14,2,30,3,29,68,16,96,15,17,3,8,0
56,4,Civil,7.39,Female,73,17,6,33,5,36,31,22,60,17,1,0,7,0
57,1,CSE,6.15,Male,83,155,2,23,3,84,78,17,61,13,9,1,5,0
58,3,ECE,7.15,Male,87,159,4,9,4,133,81,39,90,0,2,3,6,0
59,1,ECE,6.91,Male,54,168,2,14,1,118,60,27,46,1,15,1,1,1
60,3,Civil,6.66,Female,99,36,4,38,6,146,80,28,67,15,5,2,5,1
61,3,ECE,6.06,Male,78,120,1,37,2,194,60,29,70,10,2,4,9,0
62,1,Mechanical,8.8,Male,76,152,5,23,4,104,95,41,65,6,18,1,0,1
63,1,Mechanical,5.43,Male,59,130,3,17,4,94,95,22,52,3,6,2,0,1
64,3,Civil,9.44,Female,43,50,6,27,6,68,66,43,78,15,19,1,4,1
65,2,ECE,5.88,Female,56,177,4,20,6,48,54,12,81,10,3,4,5,0
66,4,Civil,9.9,Female,64,69,4,10,1,119,91,40,64,19,13,0,4,0
67,1,Mechanical,9.94,Female,47,142,3,2,5,135,38,10,86,4,9,1,4,0
68,4,Mechanical,6.99,Female,96,71,3,39,3,125,35,37,56,5,4,1,7,1
69,2,Mechanical,9.94,Female,93,87,1,1,6,188,95,47,86,3,14,0,6,1
70,2,CSE,9.35,Female,80,167,3,30,1,40,44,31,59,15,14,0,4,1
71,2,Mechanical,5.41,Male,66,111,4,39,3,40,90,19,48,15,1,4,1,0
72,1,ECE,9.74,Female,95,13,2,5,6,21,44,21,63,19,1,4,7,0
73,2,CSE,5.21,Male,70,93,1,28,5,142,87,43,65,13,5,3,9,0
74,1,Mechanical,5.91,Male,47,41,5,37,4,23,62,41,83,11,17,0,6,1
75,2,ECE,7.92,Male,64,117,1,38,5,180,91,28,66,18,1,2,8,0
76,4,Mechanical,5.4,Male,99,70,4,8,4,37,94,8,98,9,4,4,6,0
77,4,ECE,5.81,Male,48,92,6,6,4,84,88,37,78,2,16,2,1,1
78,3,ECE,9.77,Female,81,115,1,5,1,72,30,39,64,11,13,4,4,1
79,4,Mechanical,9.97,Female,83,88,1,1,3,184,83,46,83,5,16,1,8,1
80,3,Mechanical,8.99,Male,82,97,3,28,4,150,80,22,69,2,14,2,4,1
81,4,CSE,7.58,Female,40,169,2,39,3,192,48,26,69,11,11,1,2,1
82,1,Mechanical,9.5,Female,75,122,2,23,4,96,88,11,61,0,4,4,1,0
83,4,ECE,5.56,Female,69,111,5,29,4,70,32,25,70,16,12,4,9,1
84,3,Civil,9.71,Male,87,190,6,29,1,105,76,20,88,18,3,2,3,1
85,3,CSE,6.76,Female,88,106,6,8,1,111,95,17,41,3,10,1,6,0
86,2,ECE,9.31,Male,93,192,5,38,6,43,47,33,66,5,11,3,0,1
87,1,ECE,8.34,Male,89,121,6,21,6,35,91,17,44,7,19,3,1,0
88,4,Civil,9.8,Female,87,131,4,39,3,42,73,11,67,11,12,0,2,0
89,2,Mechanical,9.32,Female,85,66,5,32,3,176,96,42,49,10,13,3,6,1
90,4,ECE,9.44,Female,94,197,6,38,6,82,34,30,47,14,15,0,7,1
91,4,Civil,8.16,Male,53,190,6,35,6,55,56,27,97,9,5,2,3,0
92,2,Civil,9.17,Male,96,81,3,26,1,105,77,24,43,17,7,2,3,1
93,2,Mechanical,8.79,Female,81,56,5,16,4,129,31,16,64,1,1,2,2,1
94,2,Civil,5.81,Male,87,53,3,15,6,64,63,18,77,8,9,0,5,1
95,2,Civil,8.24,Male,85,89,6,7,1,176,84,28,93,4,9,4,7,1
96,2,Civil,5.74,Female,43,69,5,6,2,149,75,35,58,6,6,2,5,1
97,4,Civil,9.35,Female,65,111,3,33,2,55,67,48,63,9,16,2,1,1
98,2,Civil,5.33,Male,53,78,1,15,2,192,95,43,80,1,15,0,7,0
99,1,Civil,9.94,Female,97,128,4,1,6,94,77,33,47,11,12,3,4,1
100,3,ECE,7.0,Female,79,10,5,26,6,96,69,7,47,17,8,4,5,1
101,2,CSE,5.85,Female,84,147,5,33,3,159,36,22,67,10,3,4,1,0
102,2,Mechanical,9.68,Male,75,107,2,31,5,184,35,15,43,8,4,1,0,1
103,4,CSE,5.23,Male,86,74,1,6,4,96,43,31,99,14,19,4,0,1
104,2,Mechanical,7.35,Female,42,158,4,5,2,194,85,31,88,16,12,0,6,1
105,2,CSE,8.85,Female,97,43,2,9,5,70,31,40,46,17,4,4,6,0
106,2,Mechanical,6.58,Male,59,26,6,24,1,187,37,41,43,14,5,1,5,1
107,4,Civil,7.64,Male,97,148,5,23,1,32,87,22,83,18,9,1,9,1
108,2,CSE,8.5,Female,45,34,5,7,4,75,50,8,87,11,5,2,6,1
109,3,CSE,9.76,Female,60,129,6,16,5,139,55,43,82,16,14,4,8,1
110,4,Mechanical,5.51,Male,50,138,1,12,2,146,39,21,59,17,8,3,5,1
111,3,Mechanical,5.79,Female,66,160,6,38,2,190,32,47,70,10,19,0,1,1
112,4,ECE,7.54,Male,69,66,6,2,6,12,37,11,53,6,10,0,1,0
113,2,Civil,7.09,Female,94,76,3,30,6,169,83,46,42,10,10,1,5,1
114,3,Civil,7.05,Female,53,34,1,23,6,103,72,44,86,9,10,2,2,1
115,4,ECE,6.48,Female,86,90,3,1,4,103,71,17,59,14,4,4,0,0
116,1,Mechanical,7.8,Male,57,166,3,14,6,195,70,16,76,5,4,2,2,1
117,2,Civil,9.42,Female,45,75,2,12,4,12,99,25,68,7,2,4,3,1
118,4,Mechanical,5.8,Male,83,79,4,32,1,140,96,27,50,6,17,1,4,1
119,1,Civil,6.08,Female,80,62,6,16,3,135,89,23,90,3,17,1,2,0
120,4,CSE,8.35,Female,71,24,2,27,6,150,95,31,50,10,8,1,3,1
121,1,CSE,5.28,Male,72,191,2,22,4,117,71,37,62,14,18,4,8,1
122,2,Civil,8.37,Female,91,126,4,19,2,50,59,24,60,13,19,4,2,1
123,3,Civil,6.57,Male,94,128,6,31,3,54,86,39,47,16,16,2,3,0
124,1,Civil,6.79,Female,51,145,3,30,1,90,31,38,74,16,8,3,5,1
125,4,ECE,7.03,Female,43,56,5,34,4,140,59,37,95,2,0,2,4,1
126,2,Civil,6.75,Male,89,75,2,22,1,174,53,38,85,18,18,0,7,1
127,1,ECE,9.21,Female,93,126,6,28,4,94,41,25,45,2,1,2,0,1
128,4,ECE,9.73,Female,75,64,3,3,2,150,78,6,91,5,8,3,1,1
129,4,CSE,7.74,Male,88,92,3,12,6,49,41,5,67,6,13,2,5,1
130,4,Civil,7.91,Male,82,127,3,37,3,34,34,28,51,13,12,4,5,1
131,1,CSE,5.35,Female,50,151,1,37,5,107,84,25,74,12,3,4,8,1
132,1,CSE,8.57,Male,75,44,2,32,6,140,46,21,42,2,16,0,4,1
133,1,ECE,7.92,Male,54,185,3,37,5,53,91,29,91,12,5,1,7,0
134,3,Mechanical,5.25,Female,63,66,4,18,2,70,50,37,85,3,17,1,9,0
135,1,ECE,5.99,Male,94,166,6,19,1,70,39,26,44,14,4,2,2,0
136,1,CSE,6.01,Female,72,192,4,6,3,90,49,10,51,4,7,3,3,1
137,1,ECE,5.85,Male,67,48,5,5,3,198,78,13,76,5,9,4,9,1
138,3,ECE,8.29,Female,79,57,1,8,4,104,75,16,91,13,1,3,3,1
139,1,ECE,9.64,Male,43,46,5,29,6,18,80,14,60,2,14,0,3,1
140,4,Civil,8.81,Male,51,113,6,33,4,56,62,21,51,10,4,3,6,0
141,1,ECE,7.39,Male,55,121,2,17,1,103,88,36,74,16,3,0,6,0
142,4,CSE,7.02,Male,51,87,4,22,5,168,77,23,60,12,12,3,1,0
143,4,ECE,6.93,Female,85,178,2,28,2,102,99,8,80,13,12,0,6,1
144,4,Civil,8.01,Male,60,157,1,30,3,34,78,35,76,16,8,1,0,1
145,3,CSE,6.8,Female,65,55,3,26,2,29,50,46,77,14,2,2,4,0
146,3,ECE,6.13,Female,48,68,4,28,4,18,82,15,53,13,2,4,4,1
147,3,CSE,8.01,Female,59,69,1,34,5,129,31,17,90,9,17,1,2,0
148,1,Civil,6.95,Female,89,133,5,26,1,99,43,46,95,18,12,2,8,0
149,4,Mechanical,5.07,Male,93,57,3,8,4,125,69,6,63,3,17,0,6,1
150,3,Civil,5.11,Male,60,127,3,18,5,21,96,26,44,0,13,0,2,1
151,3,Civil,6.37,Male,81,43,4,2,5,17,68,6,56,1,17,2,4,1
152,1,CSE,7.56,Female,44,167,6,1,5,77,77,48,99,1,9,1,0,1
153,3,CSE,6.77,Male,91,171,2,20,6,182,82,15,52,19,16,1,6,0
154,1,Mechanical,5.12,Male,50,135,1,17,2,72,78,41,77,7,12,4,9,1
155,2,Mechanical,6.12,Male,99,192,4,25,4,84,97,45,48,0,0,0,6,1
156,3,Mechanical,5.48,Male,44,96,6,23,5,138,86,26,79,3,5,1,3,0
157,2,Civil,9.74,Male,55,26,1,20,1,109,43,49,85,12,12,3,1,1
158,1,Civil,6.56,Female,51,95,6,25,2,23,87,12,53,15,12,1,4,0
159,4,Mechanical,5.07,Female,76,82,4,32,1,88,38,13,79,7,7,3,6,0
160,3,Mechanical,8.3,Female,73,92,3,2,2,24,74,28,62,18,6,4,1,0
161,1,Mechanical,6.16,Female,61,158,5,22,5,131,52,10,59,1,2,2,0,0
162,4,ECE,7.83,Male,54,58,2,29,2,160,31,20,81,19,1,2,7,1
163,4,ECE,5.75,Male,71,52,5,14,3,146,72,24,79,17,3,2,9,0
164,2,Mechanical,9.92,Female,72,190,1,39,2,128,91,26,95,15,8,1,3,1
165,1,Civil,9.85,Male,74,160,5,23,6,167,57,40,87,3,7,0,2,1
166,4,CSE,8.28,Female,43,71,4,24,4,124,75,17,99,14,16,2,9,0
167,3,Civil,8.54,Male,55,121,6,14,5,16,67,48,73,15,6,2,0,0
168,3,CSE,7.13,Female,95,199,6,29,3,134,99,15,54,17,1,0,2,1
169,2,Mechanical,9.81,Female,49,139,5,7,5,187,96,10,93,5,4,0,5,1
170,4,ECE,7.12,Male,84,71,3,10,1,60,51,14,99,5,9,4,8,1
171,1,ECE,6.2,Female,82,28,2,23,5,47,91,47,58,1,1,3,4,1
172,3,CSE,5.58,Male,72,79,5,20,2,164,53,12,49,7,7,0,9,0
173,4,Mechanical,6.04,Male,51,181,4,28,4,194,68,15,64,2,14,3,1,1
174,4,ECE,7.86,Female,98,96,4,32,6,74,34,48,91,2,1,2,5,0
175,2,Mechanical,6.23,Female,54,190,6,38,1,15,93,44,56,14,19,3,6,1
176,3,Mechanical,8.27,Female,70,104,5,25,2,137,72,27,57,17,17,3,6,1
177,3,CSE,6.91,Male,74,111,6,37,5,22,57,21,80,16,4,3,0,1
178,1,Mechanical,9.43,Female,87,177,3,37,2,10,73,5,89,1,12,1,4,1
179,3,Mechanical,7.79,Female,62,41,3,12,3,112,90,26,68,18,6,3,8,1
180,1,CSE,8.11,Female,71,192,4,2,2,88,76,44,92,5,12,2,3,1
181,3,ECE,7.78,Female,87,120,4,4,2,116,52,8,95,2,15,3,2,1
182,2,Civil,9.43,Female,64,181,6,9,1,67,81,27,76,6,4,2,4,0
183,3,Mechanical,5.32,Male,44,11,5,33,3,28,91,47,41,1,18,4,0,1
184,1,CSE,5.34,Male,92,166,1,33,2,69,60,12,86,3,8,1,2,1
185,1,ECE,8.51,Male,97,105,4,15,2,30,30,46,94,18,17,2,8,0
186,2,Mechanical,8.84,Female,92,38,6,8,3,67,92,5,72,12,19,3,7,1
187,3,Civil,7.17,Female,80,64,5,1,3,141,36,49,72,7,5,4,3,0
188,3,ECE,6.76,Female,53,142,2,33,4,54,75,39,97,1,1,4,1,0
189,2,CSE,6.39,Female,70,102,6,5,2,35,95,11,90,17,10,2,8,1
190,3,Mechanical,6.17,Male,87,11,6,21,3,45,90,13,63,2,4,1,6,0
191,3,CSE,9.56,Male,53,133,1,6,4,19,53,45,54,3,15,2,4,1
192,1,Civil,6.48,Male,81,51,6,30,5,146,43,41,59,4,14,0,5,0
193,3,Civil,8.24,Male,53,136,3,23,2,92,44,30,89,15,7,2,7,0
194,3,CSE,8.94,Male,45,158,5,1,3,78,91,5,88,3,9,1,2,0
195,2,Mechanical,5.11,Female,98,21,6,14,4,34,89,48,57,9,4,4,3,1
196,2,CSE,5.17,Male,64,35,6,11,2,151,87,48,50,17,7,1,8,1
197,4,ECE,6.67,Female,83,157,5,16,2,36,46,38,74,7,3,3,6,1
198,1,CSE,8.48,Male,67,142,5,19,4,162,89,21,62,12,2,2,4,1
199,3,Civil,6.3,Female,88,50,4,25,3,141,48,27,84,18,7,4,3,1
200,3,Mechanical,5.01,Female,56,21,4,38,4,167,51,20,85,4,5,4,2,1
201,4,Mechanical,6.44,Male,99,73,1,25,2,121,85,21,60,8,8,4,4,1
202,3,Civil,5.45,Male,43,60,5,28,2,184,71,46,54,9,16,2,5,1
203,1,Civil,6.1,Female,67,106,2,33,2,145,84,16,51,14,3,0,4,1
204,4,ECE,6.67,Male,46,183,2,36,6,142,59,8,91,7,10,0,5,1
205,1,Civil,5.64,Male,81,167,3,1,3,21,71,32,78,10,1,2,9,1
206,4,Civil,8.53,Male,96,36,5,38,6,101,82,46,43,13,19,4,3,0
207,4,Civil,6.28,Male,45,130,2,10,4,107,82,43,55,13,11,0,5,0
208,2,Mechanical,8.31,Female,81,103,3,17,5,138,85,40,83,14,2,0,6,0
209,1,Civil,8.0,Female,95,55,1,24,2,93,60,22,58,13,3,4,8,0
210,3,CSE,9.49,Male,76,34,5,9,6,35,96,30,88,6,9,1,9,0
211,3,CSE,5.44,Male,97,120,5,1,6,144,33,27,64,16,7,2,8,0
212,1,Mechanical,6.07,Female,82,75,4,7,2,175,90,32,51,6,14,4,9,0
213,3,ECE,9.33,Male,88,115,1,20,5,121,68,36,51,12,3,3,2,0
214,3,ECE,9.11,Female,68,84,5,5,3,163,93,45,87,7,13,4,0,1
215,1,Mechanical,5.96,Female,67,138,1,28,5,117,77,19,97,4,9,0,0,0
216,4,CSE,5.54,Female,58,159,2,10,6,65,52,9,72,7,8,3,9,1
217,1,Mechanical,9.28,Female,53,74,6,20,4,70,83,6,97,8,2,2,9,1
218,4,Civil,5.89,Female,85,53,2,33,3,149,66,20,48,8,13,2,7,1
219,3,Mechanical,9.36,Male,52,194,2,5,4,78,39,29,67,12,2,4,3,0
220,3,ECE,9.81,Female,68,191,3,8,2,129,47,47,86,15,2,2,1,1
221,3,CSE,6.1,Male,74,19,6,34,5,52,96,28,66,4,5,3,0,0
222,2,ECE,9.2,Female,80,41,3,32,1,97,99,40,80,2,4,2,5,1
223,4,ECE,7.12,Male,41,195,2,6,2,43,38,14,51,10,0,0,4,1
224,2,CSE,8.94,Female,41,86,4,16,2,186,72,41,43,1,9,1,9,1
225,2,Civil,7.04,Female,65,15,2,22,6,28,63,13,74,0,19,0,2,1
226,1,CSE,5.35,Female,40,107,6,8,4,179,72,31,60,1,19,4,2,0
227,2,CSE,8.56,Male,67,146,4,32,2,152,42,46,79,2,12,2,9,0
228,1,Mechanical,5.75,Male,76,93,2,35,3,129,85,21,66,11,9,0,2,1
229,1,CSE,9.64,Male,73,18,2,15,1,37,83,12,60,15,8,3,6,0
230,2,Mechanical,7.09,Female,85,40,3,22,4,133,64,19,78,4,1,4,9,1
231,4,ECE,5.41,Female,63,93,2,39,5,187,74,41,49,0,3,0,1,1
232,4,CSE,6.14,Female,88,180,1,29,6,174,47,29,63,9,3,3,7,1
233,4,Civil,9.31,Female,99,47,2,23,4,59,37,17,98,4,12,4,9,0
234,4,Mechanical,6.61,Male,87,132,2,22,1,136,83,36,40,16,19,2,1,1
235,4,Mechanical,9.28,Female,68,48,1,3,2,162,99,29,53,9,8,0,7,1
236,2,Civil,5.86,Female,67,47,3,9,1,161,65,48,98,7,1,3,5,1
237,2,Mechanical,7.34,Female,73,49,4,28,1,28,53,18,73,12,11,4,8,0
238,3,Mechanical,9.39,Female,99,136,6,24,5,134,83,9,89,0,3,3,5,1
239,4,Civil,5.24,Female,93,171,2,32,1,158,91,47,45,11,16,4,2,1
240,2,ECE,6.52,Male,72,112,3,24,2,82,48,34,58,13,3,1,3,1
241,3,CSE,9.55,Female,77,108,2,7,1,75,37,15,66,7,16,4,6,1
242,4,CSE,7.98,Male,73,181,4,21,2,43,90,49,93,16,0,0,4,1
243,1,CSE,8.58,Male,44,180,4,39,6,170,83,46,62,18,18,4,8,1
244,3,CSE,9.21,Male,69,45,2,1,1,58,98,28,92,18,13,0,4,1
245,2,CSE,7.62,Male,61,159,5,38,2,165,43,15,75,15,5,4,6,1
246,1,CSE,9.23,Female,42,30,4,25,2,197,85,10,44,18,8,2,8,1
247,1,Mechanical,8.19,Male,68,155,6,26,3,54,51,26,83,4,0,1,9,0
248,1,CSE,8.43,Male,70,184,3,32,2,15,67,48,95,2,18,4,9,1
249,3,Mechanical,5.76,Female,69,151,4,14,4,70,76,43,49,4,19,2,5,0
250,2,Civil,9.7,Female,68,37,2,29,6,127,51,9,99,0,2,1,1,0
251,1,ECE,8.98,Female,70,199,3,8,2,138,54,8,51,18,1,1,9,0
252,4,Mechanical,6.27,Female,63,27,6,16,2,56,62,28,94,18,0,1,7,1
253,1,ECE,7.9,Female,92,165,2,25,3,130,36,11,55,7,16,0,3,1
254,1,Civil,6.88,Female,80,171,2,26,2,121,71,23,78,18,5,0,6,0
255,3,CSE,8.3,Male,62,88,4,7,6,15,53,45,84,7,4,1,0,1
256,3,ECE,9.97,Male,87,29,2,25,3,59,53,42,48,3,1,2,8,1
257,2,ECE,5.23,Male,77,46,1,17,3,94,53,38,47,19,0,4,5,0
258,4,Civil,9.76,Female,97,173,5,2,4,46,52,22,62,14,10,3,9,0
259,3,Civil,5.36,Male,92,187,6,7,6,123,30,37,47,14,10,3,7,0
260,1,Civil,7.3,Male,88,188,3,29,6,167,38,32,79,1,3,4,6,1
261,2,Mechanical,7.41,Male,88,80,6,3,6,41,80,19,85,17,4,1,8,1
262,1,Mechanical,6.34,Male,73,94,6,36,2,117,96,31,65,11,15,3,8,1
263,1,ECE,7.83,Female,63,155,5,14,5,103,78,25,96,3,13,1,0,0
264,3,Civil,9.17,Male,64,73,2,9,4,148,74,12,92,0,16,4,2,1
265,2,ECE,6.47,Female,41,199,3,9,4,62,31,17,84,19,17,2,6,1
266,4,CSE,5.35,Female,45,112,4,34,6,154,33,35,57,17,6,3,5,0
267,4,Civil,8.16,Female,80,196,2,32,2,85,79,38,78,15,12,1,4,1
268,3,Mechanical,8.76,Male,97,111,5,11,2,132,45,32,58,15,10,3,6,0
269,3,Civil,9.77,Female,71,39,6,20,1,74,73,35,45,0,16,1,2,1
270,2,ECE,5.8,Male,83,152,1,14,2,149,69,27,68,1,10,4,5,0
271,4,Mechanical,9.51,Female,52,11,3,22,4,42,74,48,74,0,19,3,9,0
272,4,CSE,7.41,Male,55,140,4,29,2,88,32,13,71,16,9,3,4,0
273,4,CSE,6.18,Female,65,19,6,17,5,151,83,5,45,6,10,2,8,1
274,1,ECE,9.81,Male,49,196,5,30,2,187,68,25,63,4,6,4,1,0
275,4,Civil,6.19,Female,43,157,1,8,1,79,98,8,75,13,18,3,4,1
276,1,CSE,8.67,Female,53,83,5,39,4,43,69,28,50,9,5,2,2,0
277,2,ECE,8.92,Female,63,25,5,27,4,101,70,6,48,6,3,3,0,0
278,1,Mechanical,7.15,Female,77,13,2,37,4,186,53,47,61,0,1,0,2,1
279,2,Mechanical,8.45,Female,76,33,6,2,5,148,53,32,73,11,15,4,1,0
280,4,ECE,7.86,Female,78,65,1,8,3,122,71,29,41,18,13,3,1,1
281,4,Civil,5.96,Female,62,58,5,21,4,197,47,7,85,11,13,0,4,1
282,2,Civil,8.8,Female,50,15,2,4,2,194,80,21,89,14,4,2,2,1
283,3,Civil,9.64,Female,47,18,5,23,3,94,74,40,77,9,2,0,2,1
284,2,Civil,7.44,Male,45,11,5,12,2,75,45,40,59,4,1,4,5,0
285,3,ECE,9.97,Male,73,25,6,19,3,55,93,5,94,0,7,2,4,1
286,1,ECE,7.14,Female,76,147,1,14,5,18,85,5,48,0,18,3,4,1
287,1,Mechanical,7.4,Female,72,57,5,11,1,47,64,43,74,6,9,3,5,1
288,1,Mechanical,8.37,Female,84,140,5,7,5,107,38,21,63,15,8,1,2,1
289,4,Civil,5.93,Male,94,158,2,7,1,71,62,34,44,15,14,1,5,0
290,1,CSE,9.51,Female,49,53,6,37,3,189,66,35,72,10,12,2,6,1
291,3,CSE,9.01,Male,75,110,5,19,5,181,90,40,58,17,1,2,2,1
292,1,Mechanical,9.36,Female,46,105,4,38,3,197,84,45,83,19,16,2,2,0
293,2,Mechanical,8.05,Male,90,116,3,23,2,193,82,5,63,7,7,2,7,1
294,2,ECE,9.42,Female,56,84,4,6,5,186,50,17,88,2,19,4,1,0
295,4,Mechanical,8.4,Female,59,190,6,37,1,51,34,14,55,10,2,1,0,1
296,2,Mechanical,7.56,Male,97,148,2,1,3,99,30,38,91,7,13,1,4,0
297,3,Civil,9.66,Female,86,171,6,8,5,127,52,49,64,11,19,2,0,0
298,1,CSE,7.2,Male,67,10,1,14,6,56,88,9,99,2,15,0,0,1
299,4,CSE,7.5,Male,63,172,6,11,5,114,56,13,75,6,10,0,9,0
300,1,ECE,5.85,Male,77,15,2,33,6,135,38,37,89,15,6,3,3,1
301,1,CSE,9.74,Female,48,27,2,14,6,10,38,39,80,11,0,1,1,1
302,3,Civil,6.11,Female,93,82,6,19,5,158,89,38,88,10,3,0,3,0
303,2,Civil,6.01,Male,69,32,1,5,5,168,71,17,56,7,10,3,0,0
304,2,ECE,5.51,Female,78,34,1,33,1,109,39,39,60,9,16,1,6,0
305,1,Mechanical,7.27,Male,92,133,1,12,2,118,98,45,57,19,14,2,3,0
306,4,Mechanical,6.37,Female,75,111,2,20,5,108,67,10,85,13,7,1,1,1
307,2,Civil,8.7,Male,56,179,1,11,4,75,83,30,54,6,2,4,4,1
308,4,ECE,6.54,Female,91,127,4,34,5,18,93,37,57,19,8,0,9,1
309,2,Civil,8.6,Male,55,133,2,31,4,112,46,31,98,4,9,4,9,0
310,4,CSE,5.98,Female,73,26,6,9,2,196,67,44,69,12,12,1,1,1
311,3,CSE,6.15,Female,82,122,1,24,1,122,89,11,98,13,6,1,4,0
312,4,Civil,9.03,Male,46,18,4,16,3,183,67,49,69,17,17,3,1,1
313,3,Mechanical,6.86,Male,66,187,1,27,6,177,31,45,77,2,3,0,9,0
314,3,CSE,5.56,Female,90,47,5,14,3,171,74,48,86,13,11,4,0,1
315,4,ECE,9.81,Female,46,127,3,10,3,82,62,23,55,14,9,2,7,0
316,3,Mechanical,5.89,Male,88,178,3,37,3,132,89,40,60,2,2,3,5,1
317,1,CSE,5.75,Male,71,150,6,32,3,198,60,24,62,15,10,0,8,0
318,3,Civil,6.79,Male,55,194,1,31,2,196,84,46,49,12,18,3,2,1
319,2,Mechanical,5.48,Female,58,130,5,17,1,88,77,24,75,15,15,1,4,1
320,4,Mechanical,5.78,Female,88,155,4,4,4,135,60,5,96,13,14,2,0,1
321,1,CSE,9.23,Male,65,19,2,36,3,77,48,17,66,4,5,3,1,0
322,4,ECE,5.86,Male,40,122,5,20,3,21,38,17,60,4,5,3,5,0
323,2,CSE,5.56,Male,82,130,1,13,2,54,76,24,48,2,12,1,9,1
324,2,CSE,9.4,Male,69,110,3,23,2,92,33,47,88,9,6,4,7,1
325,2,CSE,7.22,Female,82,91,6,8,3,106,67,34,79,16,1,4,0,0
326,3,CSE,5.79,Female,54,78,3,30,4,15,97,42,63,18,19,0,0,0
327,3,CSE,7.91,Male,93,45,5,12,5,54,45,26,99,9,6,4,6,1
328,4,Civil,5.21,Male,42,127,2,16,4,12,39,20,82,8,1,1,1,1
329,4,CSE,7.14,Female,59,14,3,30,6,57,66,23,40,1,1,3,1,0
330,1,ECE,7.95,Male,58,174,5,14,4,139,72,29,88,4,1,1,9,1
331,1,Mechanical,9.79,Male,66,118,6,29,2,197,74,6,84,9,11,4,3,1
332,4,Civil,6.63,Female,40,145,6,11,5,61,39,20,57,19,17,2,2,0
333,3,ECE,8.83,Female,84,29,1,8,4,64,76,24,59,7,3,4,7,1
334,2,CSE,5.66,Female,91,122,4,16,5,39,31,49,84,1,12,3,6,0
335,4,ECE,7.17,Female,52,171,1,30,5,20,56,45,47,0,18,4,1,1
336,1,Mechanical,6.12,Male,72,188,4,30,6,49,98,8,73,4,17,1,6,0
337,3,ECE,7.46,Female,82,113,5,2,4,36,95,42,92,1,17,4,6,1
338,4,CSE,7.09,Female,63,184,6,20,5,163,61,19,62,6,13,4,5,1
339,4,Mechanical,9.9,Female,50,51,3,12,3,145,89,19,45,5,13,2,0,1
340,3,CSE,9.59,Male,44,34,1,32,6,195,99,22,96,0,5,1,8,1
341,4,CSE,7.91,Male,82,104,4,15,4,108,97,14,53,14,8,4,3,1
342,3,Civil,5.88,Female,87,124,5,4,4,196,44,44,75,17,6,0,7,0
343,2,Mechanical,7.78,Male,71,146,1,12,3,136,94,49,64,18,15,0,9,1
344,3,Mechanical,8.96,Female,74,174,1,29,1,116,64,7,47,8,12,0,0,0
345,3,CSE,5.19,Female,91,172,1,37,6,87,78,30,95,16,15,3,1,0
346,3,ECE,7.17,Male,90,99,5,23,1,80,65,13,85,16,6,4,4,1
347,4,Mechanical,5.21,Male,58,61,4,2,1,110,37,25,51,12,13,1,4,1
348,4,ECE,6.22,Female,40,13,5,8,3,87,94,16,61,8,16,2,8,1
349,3,ECE,5.46,Male,54,148,4,16,2,110,64,37,40,8,16,4,2,1
350,4,Mechanical,9.8,Female,58,48,4,5,4,86,34,25,66,6,3,2,8,1
351,1,ECE,5.84,Female,43,142,5,26,6,107,34,8,82,17,14,0,0,0
352,1,Mechanical,5.75,Female,64,29,1,22,5,55,75,42,90,0,13,3,2,1
353,4,Civil,9.86,Male,85,127,5,21,5,157,82,45,91,6,9,1,9,1
354,4,Mechanical,7.58,Female,75,67,2,11,4,167,68,15,47,13,12,1,4,1
355,3,Mechanical,8.79,Male,47,68,5,11,4,114,34,27,60,0,1,2,5,0
356,2,Mechanical,6.64,Female,84,160,1,25,3,124,68,30,98,15,7,4,4,1
357,4,Civil,7.66,Male,88,174,3,25,4,80,45,27,50,1,15,4,2,0
358,1,ECE,5.03,Female,65,60,1,20,6,185,63,7,86,12,18,2,0,1
359,3,Civil,7.04,Female,75,150,5,25,1,149,88,48,48,2,19,2,7,0
360,4,ECE,7.78,Female,57,170,3,8,1,21,65,33,83,12,15,1,8,0
361,1,Mechanical,7.57,Female,67,94,1,4,2,58,48,49,63,19,12,0,2,1
362,1,Mechanical,7.03,Male,72,157,3,14,3,173,34,5,73,8,3,1,2,1
363,2,Civil,8.94,Male,75,67,5,18,1,46,98,14,55,19,17,2,8,0
364,3,Civil,7.51,Male,44,91,1,37,1,135,68,18,44,9,15,2,8,1
365,3,Civil,8.18,Male,93,69,2,9,2,176,55,20,97,19,1,0,4,1
366,2,Civil,5.92,Female,75,97,2,22,5,54,74,8,80,11,3,3,1,1
367,2,Mechanical,9.31,Male,90,170,4,37,6,184,44,47,98,0,11,2,0,1
368,3,Mechanical,6.81,Female,67,15,4,31,2,140,40,7,44,1,18,4,7,1
369,3,CSE,7.41,Male,56,127,6,17,5,58,43,36,42,2,4,0,0,0
370,4,Civil,6.76,Female,53,109,5,29,2,152,81,48,73,4,13,2,0,1
371,4,Civil,9.46,Female,96,185,3,31,3,135,90,48,85,8,3,3,8,1
372,2,ECE,9.5,Female,68,192,4,25,4,81,48,49,97,5,12,0,9,1
373,4,ECE,6.12,Female,92,83,1,33,2,169,98,40,44,0,12,3,2,0
374,1,Mechanical,8.76,Male,54,100,1,32,3,62,66,20,58,17,7,2,1,1
375,4,CSE,5.51,Female,42,88,2,39,3,150,74,13,90,3,6,1,2,0
376,4,Civil,5.15,Male,42,44,3,35,6,32,37,24,67,8,10,4,9,1
377,1,CSE,9.18,Female,58,41,1,4,4,35,78,37,88,16,9,0,1,0
378,2,CSE,5.66,Female,94,12,1,12,1,151,55,37,80,5,12,2,1,1
379,1,Mechanical,5.77,Male,72,25,2,37,4,44,51,36,41,8,10,1,3,0
380,4,CSE,8.03,Male,75,45,3,13,1,162,77,10,40,15,6,1,8,1
381,2,Civil,9.08,Female,87,130,6,35,2,90,82,45,72,13,2,1,4,0
382,4,Mechanical,5.95,Male,65,168,1,9,1,47,97,10,44,10,9,1,2,1
383,1,CSE,5.57,Female,78,133,2,18,2,41,38,23,77,12,17,0,6,1
384,1,Mechanical,5.39,Female,55,171,4,8,2,186,44,31,71,4,5,0,5,1
385,4,Mechanical,5.12,Female,90,100,2,2,1,101,33,13,87,19,0,4,1,0
386,3,ECE,5.58,Female,63,127,2,3,5,101,83,6,61,9,16,2,7,1
387,3,Mechanical,9.71,Female,68,137,4,39,6,33,55,16,67,0,12,0,9,1
388,1,CSE,5.48,Male,79,14,1,10,6,125,76,9,61,16,1,2,8,0
389,1,ECE,7.99,Female,84,84,3,25,2,112,33,11,71,10,11,1,8,0
390,3,Civil,9.6,Male,66,28,6,31,3,98,51,23,85,0,19,3,0,0
391,3,Civil,8.14,Female,46,151,3,8,4,59,70,47,44,18,12,1,3,1
392,4,Civil,5.16,Male,48,121,4,7,5,19,40,40,45,16,15,0,2,1
393,4,Civil,7.98,Male,78,71,2,10,4,118,36,38,64,10,5,4,8,1
394,3,Civil,9.52,Male,84,43,3,36,3,82,94,12,87,15,17,0,8,1
395,4,CSE,6.61,Female,94,87,6,4,3,194,76,19,60,7,19,1,2,0
396,4,Mechanical,6.57,Male,97,151,4,24,4,180,66,27,46,7,3,0,8,0
397,2,ECE,6.24,Female,43,87,4,6,1,130,78,43,87,11,12,4,0,1
398,4,Mechanical,7.53,Male,76,77,4,34,2,171,81,42,52,4,13,3,7,1
399,1,Mechanical,6.19,Male,73,173,4,29,6,168,97,27,64,14,5,1,0,0
400,4,CSE,8.62,Female,46,123,2,28,3,81,80,29,57,16,15,1,4,1
401,4,CSE,8.22,Female,43,91,2,23,1,104,99,13,73,14,12,4,8,0
402,3,CSE,7.0,Male,48,92,5,35,2,159,61,27,93,0,8,3,2,1
403,1,ECE,8.61,Male,41,37,4,28,5,191,76,33,97,7,7,3,4,1
404,4,CSE,5.49,Female,95,149,1,9,6,194,89,30,94,7,8,2,7,0
405,4,Mechanical,8.75,Male,94,28,4,39,2,180,90,35,74,15,5,1,5,1
406,2,ECE,8.01,Male,66,103,2,20,4,106,39,26,64,11,4,0,0,0
407,4,CSE,8.15,Male,71,190,3,4,6,154,50,32,40,5,0,0,7,1
408,4,CSE,5.32,Male,59,44,1,9,6,16,71,49,44,12,18,3,8,0
409,2,CSE,8.09,Male,96,80,3,23,6,120,82,47,50,15,1,1,9,1
410,3,Mechanical,7.47,Female,94,16,5,22,4,113,90,10,94,5,1,1,4,0
411,4,CSE,7.43,Male,60,117,3,1,1,30,50,19,56,18,15,0,8,1
412,2,Mechanical,6.61,Female,56,142,3,11,5,44,68,36,66,2,6,0,7,1
413,1,ECE,5.04,Female,81,62,2,5,1,166,70,28,62,14,9,0,7,1
414,3,CSE,7.11,Male,82,191,4,20,2,124,97,25,57,9,4,2,0,1
415,1,Civil,7.0,Female,90,54,3,29,4,130,60,47,96,10,17,4,3,1
416,1,Civil,7.11,Male,52,43,6,27,5,95,76,40,73,13,17,3,7,1
417,2,Mechanical,8.06,Female,63,65,2,28,4,14,45,44,52,19,4,3,7,1
418,4,CSE,6.5,Female,45,30,2,27,6,32,71,17,96,14,13,1,7,0
419,2,CSE,6.35,Female,65,32,1,24,1,31,97,48,83,15,18,0,0,0
420,2,Civil,7.49,Female,99,191,1,20,2,178,88,6,51,2,0,4,2,1
421,2,ECE,7.96,Male,71,107,1,22,1,101,46,24,53,12,10,1,6,1
422,2,ECE,7.84,Female,94,96,3,9,6,26,74,25,45,1,17,0,8,0
423,3,Mechanical,9.41,Female,41,45,5,34,1,128,97,46,50,15,7,0,5,0
424,4,Civil,8.85,Female,44,148,2,33,5,134,48,12,79,19,0,1,9,1
425,1,Mechanical,5.26,Female,44,19,4,20,5,46,80,49,67,14,18,3,6,1
426,1,Mechanical,7.82,Male,53,175,1,26,5,90,72,10,90,15,1,3,3,1
427,4,ECE,7.09,Male,90,189,5,4,2,80,75,25,45,2,12,4,2,1
428,1,Civil,6.81,Female,45,110,5,9,6,59,47,32,46,2,19,2,4,1
429,4,Mechanical,9.79,Female,59,191,4,22,6,43,49,5,88,13,3,0,1,1
430,1,ECE,7.28,Female,73,11,4,31,5,22,91,23,68,14,7,0,4,0
431,2,ECE,8.6,Male,56,76,1,36,5,69,83,18,64,1,1,1,4,0
432,1,CSE,9.84,Male,42,84,1,27,1,84,71,17,93,5,11,0,4,0
433,4,Civil,5.76,Male,94,53,5,13,6,96,81,5,41,18,11,1,0,1
434,4,Civil,5.27,Male,72,163,2,5,3,11,37,8,62,0,2,2,1,1
435,4,CSE,6.57,Male,48,33,5,31,5,169,95,41,42,12,17,1,2,0
436,4,Mechanical,5.22,Female,45,188,3,1,2,17,32,39,55,16,7,4,5,1
437,4,ECE,5.58,Female,48,53,4,16,2,133,89,9,62,8,7,2,9,1
438,3,ECE,9.96,Female,57,46,4,4,5,46,41,15,85,7,12,4,6,1
439,3,ECE,9.8,Male,79,23,3,21,2,45,79,29,72,2,11,3,2,1
440,1,CSE,8.46,Male,47,126,4,3,4,184,99,32,56,16,7,4,6,0
441,4,ECE,8.76,Female,56,164,5,35,3,76,40,30,66,9,4,1,9,0
442,1,Mechanical,5.7,Female,94,144,3,13,3,199,78,13,68,7,18,4,7,1
443,4,Mechanical,7.98,Male,64,133,2,21,1,103,31,43,47,6,12,0,5,1
444,4,CSE,5.77,Female,64,139,2,10,1,163,80,7,78,2,0,3,1,0
445,3,Mechanical,6.89,Female,92,88,4,12,3,90,76,26,63,5,18,1,8,0
446,3,Civil,6.73,Male,48,79,3,3,1,10,61,34,80,1,8,2,4,0
447,2,Civil,8.07,Female,98,78,3,18,1,40,71,41,57,9,17,1,3,1
448,3,ECE,5.4,Male,48,63,2,32,1,91,81,12,91,19,17,4,1,1
449,2,ECE,5.52,Male,43,38,3,22,2,123,38,40,45,19,16,3,3,0
450,2,Civil,8.05,Male,54,60,6,33,6,195,67,46,60,9,19,2,8,1
451,2,Mechanical,8.18,Female,49,43,5,10,1,54,71,13,88,5,19,1,7,0
452,2,CSE,6.7,Male,54,90,2,10,2,26,74,18,58,17,19,2,8,1
453,2,ECE,5.73,Female,56,81,1,23,4,182,74,23,74,18,17,1,4,1
454,1,ECE,9.43,Male,77,152,4,8,3,158,32,24,98,9,5,3,9,0
455,3,Civil,5.26,Male,76,25,1,6,3,90,85,38,79,13,13,3,1,0
456,2,Civil,8.59,Female,42,163,6,16,5,65,45,9,80,15,10,4,2,0
457,4,CSE,5.7,Male,58,155,4,4,4,136,45,43,98,6,12,2,1,1
458,3,ECE,8.19,Female,60,173,5,36,4,55,88,24,48,6,4,4,9,1
459,3,Mechanical,8.32,Female,93,144,1,8,5,61,69,21,86,7,18,3,6,0
460,2,Mechanical,9.02,Male,93,166,6,9,4,189,38,32,60,19,17,4,9,1
461,1,Civil,6.98,Female,78,17,2,23,1,189,36,15,71,17,10,0,7,1
462,2,CSE,5.11,Female,40,158,5,15,1,50,84,15,57,2,12,4,8,1
463,1,Civil,9.06,Female,63,144,2,15,6,91,98,42,40,11,15,1,6,0
464,4,CSE,7.22,Male,57,41,3,3,4,43,87,37,95,17,13,0,5,1
465,3,Mechanical,9.24,Female,56,185,2,6,2,147,68,49,53,15,9,1,0,0
466,4,CSE,8.88,Male,71,171,6,8,1,42,93,37,95,4,19,3,1,1
467,1,Mechanical,7.49,Male,68,28,4,35,5,28,31,48,69,19,4,2,0,0
468,1,CSE,10.0,Male,87,93,1,36,5,90,61,49,47,4,6,0,1,0
469,4,Civil,7.31,Male,41,33,1,20,5,177,94,14,54,17,0,0,5,1
470,1,Mechanical,8.48,Male,80,87,5,23,5,91,74,49,66,16,16,3,3,1
471,4,ECE,8.35,Male,42,163,1,4,2,41,69,47,79,1,0,0,5,1
472,3,ECE,7.59,Female,99,138,5,10,6,25,42,25,54,7,8,4,3,1
473,4,Mechanical,7.93,Male,46,161,4,2,5,138,62,25,95,0,0,4,0,1
474,3,ECE,8.99,Male,61,143,6,29,2,118,75,38,67,17,13,4,7,0
475,4,Mechanical,7.86,Male,77,13,3,39,5,22,56,21,48,19,14,3,2,1
476,1,Civil,7.25,Male,47,67,5,29,1,108,76,37,44,11,7,0,0,0
477,4,Civil,8.31,Male,74,166,3,29,4,100,34,26,59,4,9,2,5,0
478,1,CSE,5.18,Male,43,77,4,14,4,109,38,35,56,4,17,2,2,1
479,4,ECE,5.55,Male,82,13,4,10,2,146,31,32,64,5,1,1,2,1
480,4,ECE,5.63,Male,82,88,1,38,4,180,79,42,85,1,11,2,4,1
481,2,ECE,7.13,Female,60,56,4,3,1,56,69,19,51,16,11,3,7,1
482,1,Mechanical,9.36,Female,76,97,1,33,1,144,33,46,82,16,10,4,0,0
483,2,Civil,8.22,Male,93,159,4,1,2,59,30,20,81,14,7,3,9,0
484,1,ECE,9.86,Female,54,39,3,16,6,105,34,28,84,0,10,0,2,0
485,2,CSE,5.2,Male,84,108,3,29,1,143,73,46,77,14,7,1,1,0
486,3,ECE,8.61,Female,67,129,2,11,6,94,46,33,95,0,14,4,0,1
487,4,CSE,6.57,Female,97,187,6,9,2,64,94,17,99,12,3,2,6,1
488,1,ECE,5.12,Male,81,165,5,26,1,187,56,38,79,6,9,3,7,1
489,1,ECE,9.13,Female,86,165,2,32,1,162,56,37,40,13,8,2,4,1
490,4,Civil,5.81,Male,44,87,5,13,5,159,34,11,73,11,6,2,9,1
491,1,CSE,6.07,Male,72,141,2,23,3,12,30,5,41,9,14,1,2,1
492,1,ECE,6.7,Female,99,112,1,30,2,37,56,42,76,2,8,4,9,0
493,2,CSE,8.94,Female,43,98,3,13,6,54,33,16,86,18,5,2,4,1
494,1,CSE,8.12,Male,44,138,3,13,1,133,69,10,87,3,11,4,6,0
495,3,Civil,6.32,Female,84,98,2,4,6,165,86,33,84,9,11,4,0,0
496,3,Civil,5.84,Male,92,68,4,5,6,29,75,28,65,1,16,2,8,0
497,4,CSE,5.55,Male,42,131,2,22,5,91,62,16,46,8,10,2,5,0
498,1,Civil,5.75,Male,99,105,5,37,4,116,32,19,69,9,17,4,6,0
499,4,ECE,9.34,Male,94,96,3,3,1,53,35,8,66,15,11,3,9,1
500,3,ECE,9.61,Male,60,185,3,36,2,61,78,11,93,10,7,3,5,1
501,1,Civil,9.84,Female,45,183,3,6,4,48,81,16,97,9,15,4,7,0
502,1,CSE,9.17,Female,50,155,2,6,1,193,53,23,59,5,4,3,3,0
503,4,ECE,9.44,Male,64,174,4,11,1,153,95,10,98,7,14,1,5,1
504,3,Mechanical,9.08,Female,47,70,1,37,1,132,95,45,86,11,0,2,4,1
505,1,CSE,9.79,Female,92,68,1,37,5,54,77,39,79,17,13,2,8,1
506,4,CSE,9.23,Female,67,143,5,30,2,128,53,16,95,5,13,0,7,1
507,3,Mechanical,7.31,Male,91,11,1,12,4,173,98,44,70,8,3,1,8,1
508,4,Mechanical,6.62,Male,40,127,6,17,5,64,75,27,99,4,13,0,0,1
509,2,CSE,7.92,Male,92,148,4,6,6,65,87,11,73,7,7,0,7,0
510,1,Mechanical,8.04,Female,91,146,6,33,1,159,45,7,86,15,18,1,3,1
511,2,Civil,7.87,Female,65,131,4,33,5,67,78,31,85,0,12,0,2,1
512,3,Civil,8.53,Female,71,121,3,11,1,109,31,41,75,13,1,4,1,1
513,2,CSE,8.49,Male,43,84,4,10,2,91,71,36,90,6,4,1,3,1
514,2,Civil,5.44,Female,86,31,5,16,2,171,32,16,81,6,15,4,8,1
515,3,ECE,6.43,Female,63,178,1,24,6,108,46,8,92,19,8,1,3,0
516,4,Civil,9.45,Male,82,64,2,38,3,125,92,19,65,16,2,3,5,1
517,2,Civil,7.95,Female,73,186,6,8,2,44,74,46,66,5,11,4,9,1
518,4,Mechanical,6.64,Female,86,13,1,11,5,105,98,12,96,0,8,3,8,1
519,2,Civil,9.25,Male,63,79,1,7,2,29,39,21,56,11,18,0,8,0
520,4,CSE,6.25,Male,86,144,5,15,1,127,73,18,60,19,2,1,8,1
521,3,Civil,7.05,Male,70,137,4,35,3,60,93,19,91,1,11,0,9,0
522,2,Civil,6.38,Male,97,24,5,23,6,15,84,39,76,15,1,1,9,1
523,3,CSE,9.36,Male,48,35,2,12,5,81,31,38,72,10,4,4,5,1
524,2,CSE,8.64,Female,88,112,2,12,1,126,73,9,42,14,4,1,5,1
525,3,Mechanical,7.3,Female,97,169,2,8,4,21,45,24,45,17,5,0,0,1
526,3,ECE,9.66,Male,90,168,3,1,1,78,32,33,79,17,10,2,8,1
527,2,Civil,9.64,Male,54,104,1,37,5,162,70,13,52,8,2,1,2,1
528,2,ECE,8.56,Female,68,135,1,35,1,29,56,20,88,10,2,3,5,1
529,2,Mechanical,9.46,Female,49,165,5,19,6,113,31,42,81,14,15,3,3,0
530,1,CSE,8.6,Male,88,70,3,22,1,124,60,34,52,10,2,4,6,1
531,4,CSE,8.14,Female,52,94,6,20,6,13,87,44,90,7,7,2,6,1
532,1,CSE,7.1,Female,41,137,6,9,6,101,93,7,51,0,8,1,5,1
533,1,Mechanical,6.37,Female,53,112,4,28,5,134,50,49,48,19,2,1,1,1
534,3,Civil,5.3,Male,92,146,1,5,3,31,43,36,93,11,6,3,3,1
535,2,Mechanical,9.0,Male,83,185,1,19,3,184,43,47,70,9,18,1,1,1
536,4,CSE,5.61,Female,80,165,3,37,2,117,71,39,42,5,3,3,8,1
537,3,Civil,7.05,Female,55,69,2,36,4,126,76,24,41,18,16,0,2,1
538,1,CSE,6.17,Male,98,147,2,23,6,22,33,9,66,3,2,2,9,1
539,2,CSE,7.27,Male,43,41,1,28,4,48,99,25,90,0,11,3,7,1
540,3,Mechanical,6.57,Female,61,174,1,23,3,172,76,13,76,4,17,2,1,0
541,2,Mechanical,9.15,Female,69,196,3,14,2,101,30,19,44,10,2,0,5,1
542,3,ECE,9.89,Male,60,158,2,26,4,58,78,5,62,6,6,4,5,1
543,2,CSE,9.71,Female,94,35,3,18,2,71,88,22,94,17,19,0,8,1
544,1,Civil,8.11,Male,79,194,2,37,1,123,48,35,62,12,16,4,8,1
545,4,CSE,9.9,Female,47,110,6,30,4,142,36,46,86,2,11,2,1,0
546,1,Civil,7.0,Female,75,162,2,38,5,148,32,44,82,13,14,1,9,0
547,4,ECE,7.61,Female,54,37,1,10,2,153,81,43,49,1,13,2,8,1
548,2,CSE,6.28,Male,49,144,2,28,3,45,86,5,73,18,3,3,4,1
549,3,Civil,9.49,Female,89,40,1,37,6,178,60,41,68,4,19,3,5,1
550,1,Civil,5.9,Male,89,55,3,34,6,89,99,22,96,5,2,3,9,0
551,4,ECE,8.05,Male,71,191,3,1,5,151,84,49,58,12,12,3,0,1
552,1,Mechanical,9.0,Female,55,26,3,25,6,28,54,47,79,1,1,0,0,1
553,4,ECE,7.98,Male,86,27,5,16,3,26,72,30,47,2,7,1,0,1
554,1,Civil,5.39,Male,54,116,4,14,3,32,81,38,68,2,6,1,9,1
555,4,ECE,8.06,Female,78,28,6,24,4,55,53,12,93,13,3,2,0,1
556,4,Mechanical,8.84,Female,78,133,4,31,2,109,79,47,95,4,14,3,8,1
557,2,CSE,5.94,Male,83,93,3,11,3,115,59,49,67,6,7,1,4,0
558,4,ECE,8.68,Male,40,193,3,18,4,64,86,46,98,11,5,1,8,1
559,2,ECE,9.39,Female,42,142,5,5,3,166,38,42,66,11,2,3,7,0
560,4,CSE,9.93,Male,92,151,1,35,3,122,74,5,91,17,19,4,3,1
561,3,ECE,7.05,Female,56,16,6,35,2,94,52,37,68,18,14,1,1,1
562,3,Mechanical,5.13,Female,94,170,2,29,2,54,86,44,49,19,3,4,8,0
563,3,Civil,7.1,Female,51,28,1,30,6,29,67,42,40,19,11,4,1,1
564,4,ECE,8.3,Male,88,111,5,15,1,117,54,5,90,16,8,4,0,0
565,2,CSE,9.46,Female,74,78,3,7,3,99,78,11,97,19,18,3,3,0
566,2,CSE,9.69,Male,94,147,3,9,3,82,32,33,83,18,18,4,9,0
567,4,ECE,9.55,Female,41,119,2,39,4,14,55,16,45,8,11,1,0,1
568,3,CSE,8.29,Female,74,193,2,39,6,103,76,49,53,9,14,2,1,1
569,3,Civil,8.41,Female,50,24,3,33,4,103,84,13,76,9,14,1,2,0
570,2,Civil,5.01,Female,66,12,3,19,6,54,68,7,52,8,17,3,5,0
571,3,CSE,6.82,Male,97,106,4,8,4,41,30,18,62,2,3,2,9,1
572,1,ECE,9.53,Female,58,40,1,26,4,42,82,44,55,12,14,3,2,0
573,2,ECE,8.45,Female,59,80,4,21,5,130,60,49,60,9,2,2,1,0
574,3,CSE,7.34,Male,50,32,1,26,6,122,39,11,63,2,19,4,6,0
575,2,Civil,5.52,Female,98,57,5,36,3,83,76,16,78,8,3,3,4,1
576,1,Civil,6.23,Female,93,97,3,27,5,67,62,13,78,17,5,1,5,0
577,2,ECE,7.77,Male,67,124,5,38,6,74,35,7,81,15,16,1,2,1
578,2,Civil,9.49,Female,56,68,5,37,6,141,51,30,96,3,19,1,0,0
579,2,Mechanical,5.48,Female,51,84,3,10,6,191,58,27,59,11,4,0,5,0
580,2,Civil,5.77,Male,44,64,1,14,2,55,58,21,86,4,16,1,9,1
581,1,ECE,8.28,Male,78,75,2,17,5,72,43,22,90,10,15,4,7,0
582,4,Civil,6.47,Male,94,135,6,39,3,134,61,21,80,0,5,2,3,1
583,2,Civil,5.85,Male,65,89,2,11,6,79,57,36,42,18,4,4,3,0
584,2,CSE,5.89,Male,62,136,3,31,3,106,56,24,68,13,19,2,1,0
585,3,Mechanical,7.46,Female,79,189,5,2,4,167,40,36,43,4,9,3,4,1
586,2,CSE,7.92,Male,51,139,5,35,1,147,85,38,49,17,15,0,1,1
587,3,Civil,9.52,Male,41,31,1,16,6,196,52,39,76,10,1,1,0,1
588,4,Civil,7.65,Male,46,78,3,38,3,74,50,10,51,4,11,3,2,0
589,1,CSE,8.46,Male,51,97,4,11,4,133,59,17,83,13,7,3,1,1
590,1,Mechanical,5.9,Female,82,156,4,27,5,79,54,25,73,1,13,2,1,1
591,4,ECE,8.57,Male,50,107,4,6,6,19,70,29,71,1,19,0,4,1
592,1,CSE,8.24,Female,63,141,6,19,4,185,32,12,43,17,8,0,8,1
593,4,Civil,6.08,Female,60,76,2,17,2,28,92,14,51,0,6,0,8,1
594,4,Civil,8.35,Female,88,171,4,32,3,59,82,45,87,0,18,4,8,1
595,4,ECE,6.06,Female,62,16,3,17,5,191,69,12,76,9,0,0,7,1
596,1,Civil,7.97,Male,51,10,6,34,2,51,51,26,95,9,11,2,9,0
597,3,Civil,8.34,Female,84,186,5,16,2,187,37,17,99,1,15,3,4,0
598,4,ECE,8.47,Male,67,165,2,9,6,15,64,7,67,12,15,3,8,1
599,2,Civil,9.55,Male,87,127,5,38,1,14,88,42,77,18,1,1,6,1
600,1,Civil,9.74,Male,73,55,1,33,5,53,34,15,91,11,0,0,7,0
601,4,Mechanical,9.05,Female,76,147,1,29,3,61,35,36,94,3,5,4,2,1
602,4,CSE,9.39,Male,40,184,5,23,2,71,85,21,96,6,7,4,4,1
603,2,Mechanical,5.1,Female,45,98,3,38,3,155,71,34,42,14,18,3,1,0
604,3,Mechanical,6.81,Male,94,36,6,38,4,21,43,47,77,5,7,3,1,0
605,3,Civil,5.2,Male,43,12,1,16,5,110,74,48,98,19,1,2,8,1
606,3,CSE,6.12,Female,79,173,2,22,6,15,41,18,81,13,13,1,3,1
607,4,CSE,6.91,Male,97,103,3,17,3,121,90,41,61,0,10,4,9,0
608,4,Civil,9.34,Male,81,153,1,1,3,162,92,20,71,1,6,3,3,0
609,4,Mechanical,7.56,Male,52,172,2,26,6,115,81,41,70,3,15,1,7,1
610,1,Mechanical,8.24,Female,58,158,1,27,2,114,33,43,90,15,6,3,5,1
611,2,Mechanical,6.81,Female,60,182,6,36,2,161,43,38,91,11,2,3,7,1
612,4,CSE,8.01,Female,73,49,6,12,6,97,40,28,96,19,1,1,9,0
613,2,Civil,9.08,Female,64,95,1,5,6,139,30,44,62,15,13,0,7,1
614,2,CSE,6.51,Male,62,141,1,31,5,188,76,44,96,17,4,2,3,1
615,3,Mechanical,9.66,Male,62,106,4,3,4,37,64,21,78,12,17,2,9,1
616,1,CSE,6.07,Male,98,168,1,9,3,105,41,22,55,0,18,0,3,0
617,4,CSE,9.6,Female,45,106,6,11,1,73,66,47,51,16,16,2,5,1
618,3,Civil,5.14,Male,57,177,2,4,4,182,60,38,61,9,17,3,4,0
619,3,Civil,7.71,Male,42,136,3,10,6,84,90,7,49,7,8,1,0,1
620,4,CSE,9.93,Female,79,157,1,6,1,190,89,5,59,18,1,1,3,0
621,2,ECE,8.05,Male,73,85,5,37,1,199,46,23,61,6,1,0,1,1
622,3,Civil,7.77,Female,45,39,3,5,1,160,57,27,99,14,4,1,2,1
623,2,ECE,8.41,Male,73,67,2,28,1,44,32,41,58,9,9,1,8,1
624,1,Civil,6.45,Female,84,65,3,13,5,103,47,7,64,18,16,0,2,0
625,2,Mechanical,5.27,Male,41,106,2,26,6,123,49,26,89,10,9,2,3,1
626,1,ECE,6.26,Male,54,164,4,1,2,176,75,46,49,8,17,0,6,0
627,2,Mechanical,5.88,Female,70,29,1,20,5,139,87,25,54,4,1,2,7,0
628,3,Mechanical,9.62,Female,72,191,3,36,4,177,96,37,42,17,19,4,7,1
629,3,CSE,9.26,Female,82,13,2,21,3,183,32,47,71,6,11,4,1,1
630,1,Mechanical,6.59,Female,91,102,3,24,6,16,61,28,69,11,7,4,4,1
631,4,Mechanical,9.18,Male,41,77,5,36,5,34,82,20,48,5,9,2,3,0
632,1,Mechanical,6.06,Male,68,65,3,34,1,121,42,20,98,1,13,2,1,1
633,1,Mechanical,6.0,Female,47,20,5,27,3,30,36,37,69,13,0,1,9,0
634,2,CSE,8.84,Female,43,44,1,35,4,190,41,33,55,2,6,2,2,0
635,2,CSE,6.63,Female,40,61,2,35,4,66,58,18,80,3,15,3,3,1
636,1,Mechanical,5.32,Male,98,173,5,31,6,164,77,23,73,11,4,4,0,0
637,3,ECE,8.6,Male,40,162,1,15,2,110,87,34,44,8,0,4,0,1
638,2,Civil,9.95,Female,86,71,1,33,4,115,66,17,46,10,19,4,2,1
639,4,ECE,7.83,Male,68,180,3,7,1,129,72,29,85,1,1,4,5,1
640,2,Mechanical,6.32,Female,83,171,6,3,2,71,43,38,54,13,14,0,1,1
641,2,CSE,6.86,Female,77,70,2,22,1,28,71,10,65,1,5,2,1,1
642,4,Mechanical,8.24,Male,64,54,2,27,6,59,67,22,78,11,8,3,1,1
643,1,Mechanical,8.51,Male,57,148,2,4,6,39,73,41,76,19,13,2,1,0
644,4,CSE,9.43,Male,51,166,1,17,3,95,51,26,76,5,16,4,4,1
645,1,ECE,9.54,Female,50,179,2,35,6,85,58,35,69,12,1,1,3,0
646,1,Civil,9.31,Female,44,165,1,31,3,51,92,5,45,11,19,4,5,1
647,1,Mechanical,8.24,Male,46,44,2,22,2,96,49,47,56,15,4,3,0,0
648,4,CSE,7.25,Male,98,51,1,35,3,126,48,16,93,19,17,0,9,0
649,1,Civil,8.4,Male,92,126,2,14,3,66,80,9,94,13,19,3,9,1
650,3,Civil,8.33,Male,76,101,2,14,1,196,86,43,75,18,18,1,5,1
651,4,Civil,6.09,Female,82,75,6,3,5,111,82,18,64,12,5,3,0,1
652,3,CSE,7.54,Male,74,118,4,22,6,75,40,13,63,2,10,2,7,1
653,1,Mechanical,6.04,Male,92,85,2,3,5,161,38,45,81,0,11,0,1,0
654,2,CSE,9.5,Male,72,143,4,29,4,107,92,21,88,13,18,1,2,0
655,1,Mechanical,6.62,Male,48,123,3,2,6,93,53,49,88,16,10,2,6,1
656,3,ECE,9.03,Male,56,50,3,8,3,164,72,7,72,11,12,2,0,1
657,3,Civil,6.89,Male,99,165,5,8,2,125,80,9,71,9,17,0,7,1
658,4,Mechanical,8.82,Male,86,55,2,21,4,74,40,44,68,15,11,1,6,1
659,2,ECE,6.1,Female,86,110,2,1,5,117,66,30,68,7,18,2,6,1
660,4,CSE,8.82,Female,42,23,3,37,2,30,48,33,54,18,17,2,0,0
661,3,Civil,5.9,Male,79,32,6,16,5,139,82,46,91,17,14,2,1,0
662,1,Mechanical,7.45,Female,56,85,2,7,2,48,90,26,64,11,11,4,8,1
663,2,Civil,5.57,Female,78,118,1,38,4,74,49,11,86,10,13,2,2,0
664,1,Civil,7.64,Female,52,165,2,7,2,162,36,34,52,8,6,2,8,0
665,1,Civil,9.1,Female,42,83,3,17,4,128,66,16,91,16,5,1,1,1
666,2,CSE,8.78,Male,58,80,3,6,6,94,58,45,68,8,17,1,2,1
667,4,Civil,5.25,Female,76,145,6,33,6,97,38,44,66,1,7,3,8,1
668,1,Mechanical,7.46,Female,85,90,3,29,3,40,52,25,83,6,3,4,7,0
669,3,CSE,9.26,Male,45,192,1,15,1,51,39,38,53,2,15,4,7,0
670,1,ECE,8.25,Male,73,178,1,18,1,99,51,5,85,14,4,2,1,1
671,2,Mechanical,5.3,Male,74,166,5,39,6,192,67,18,52,18,12,4,9,1
672,2,CSE,6.63,Female,78,119,5,6,6,142,84,8,69,18,5,2,2,1
673,2,Mechanical,7.78,Female,53,137,3,21,4,160,58,23,53,18,0,4,4,0
674,4,Mechanical,5.86,Female,93,156,1,19,5,155,91,30,97,16,16,4,1,0
675,1,ECE,8.41,Male,51,130,1,19,1,65,62,26,81,7,11,4,0,0
676,4,CSE,8.17,Male,67,51,3,19,6,192,38,15,68,12,16,0,8,1
677,4,Civil,6.01,Female,78,73,4,16,5,10,79,23,48,13,10,3,4,1
678,2,Mechanical,7.75,Female,41,178,6,15,4,135,92,17,85,4,16,2,5,1
679,2,Mechanical,9.06,Male,78,15,5,2,1,168,96,6,45,0,8,0,4,0
680,4,Mechanical,6.87,Male,88,183,4,6,6,104,93,15,97,14,19,4,2,1
681,1,Mechanical,6.23,Male,77,136,1,17,6,188,98,24,59,5,12,4,8,1
682,3,Mechanical,8.51,Female,64,152,5,8,3,146,51,34,57,18,11,3,5,1
683,4,CSE,5.35,Female,66,16,5,34,1,102,33,41,58,2,1,2,7,0
684,1,Mechanical,9.16,Female,95,21,3,35,6,106,30,28,76,3,13,2,7,0
685,2,Mechanical,9.72,Male,98,74,2,18,2,185,30,18,78,8,11,0,7,0
686,2,Mechanical,9.82,Female,73,60,1,9,2,61,57,23,43,13,12,2,0,0
687,1,Civil,7.16,Male,96,130,6,7,2,182,81,11,80,14,16,1,7,1
688,3,Civil,8.12,Female,67,118,1,14,5,178,49,28,62,4,8,0,8,1
689,2,CSE,9.29,Male,82,123,4,22,3,158,45,39,78,6,5,0,0,1
690,2,Mechanical,6.12,Female,81,153,2,27,6,119,74,21,52,3,7,0,2,1
691,2,Mechanical,5.14,Female,85,37,4,23,6,54,60,26,85,9,12,2,6,1
692,1,ECE,6.92,Male,66,59,1,15,6,49,98,24,44,1,15,4,4,0
693,4,Civil,9.42,Male,48,93,3,21,6,44,38,16,51,14,11,0,8,0
694,2,ECE,7.53,Female,68,126,1,5,4,32,89,37,62,14,4,2,9,1
695,4,Mechanical,7.65,Male,47,157,4,34,1,111,84,35,73,18,10,0,2,0
696,3,Mechanical,8.46,Female,93,121,5,4,3,181,34,6,95,16,4,1,5,0
697,2,ECE,7.87,Female,91,52,5,31,1,120,32,25,43,1,16,0,4,0
698,2,CSE,5.27,Female,78,62,4,16,3,82,94,10,79,3,9,2,6,0
699,3,CSE,7.8,Female,41,80,1,9,3,29,83,21,57,9,13,2,1,1
700,2,ECE,8.24,Male,95,162,5,30,2,193,61,28,91,19,2,1,8,0
701,4,Mechanical,8.21,Female,56,64,1,28,4,159,59,18,62,16,1,0,1,1
702,1,ECE,8.64,Female,78,150,4,25,3,18,97,44,75,18,19,1,2,1
703,4,Civil,7.6,Female,77,56,2,4,1,85,36,21,93,11,11,2,6,1
704,1,CSE,9.5,Female,75,27,4,23,4,58,44,44,88,10,17,4,1,0
705,1,ECE,7.32,Female,53,137,6,29,4,177,91,41,70,7,0,0,2,0
706,4,CSE,7.59,Female,62,119,1,13,3,53,68,19,74,14,19,3,9,1
707,4,Civil,8.9,Female,40,25,3,20,2,145,49,40,49,7,4,0,0,1
708,4,Mechanical,9.17,Male,40,190,3,21,4,167,84,36,91,19,9,1,1,1
709,4,Mechanical,8.24,Male,42,183,5,20,3,185,59,11,56,17,10,4,1,1
710,3,Mechanical,5.63,Female,79,173,5,38,5,49,51,5,76,6,4,1,3,0
711,2,CSE,6.66,Male,62,113,5,20,3,171,49,42,89,3,14,1,1,1
712,1,Civil,5.1,Female,67,108,6,18,3,60,60,16,91,16,4,0,7,1
713,4,ECE,6.48,Male,55,157,5,22,2,41,83,44,45,12,19,2,4,0
714,4,Mechanical,7.85,Male,68,169,1,4,1,174,60,31,81,0,1,2,0,1
715,4,CSE,9.03,Male,72,84,1,23,1,165,39,42,91,19,4,1,5,1
716,3,Mechanical,7.93,Male,71,167,2,15,2,75,89,21,53,12,16,3,7,0
717,4,Civil,5.2,Male,94,42,4,5,1,56,81,18,68,10,16,0,5,1
718,4,ECE,6.3,Male,86,22,4,32,1,53,77,6,60,9,15,1,8,1
719,4,Mechanical,7.89,Male,62,90,4,37,3,10,48,45,69,10,14,2,6,1
720,2,Civil,8.55,Male,86,178,3,37,4,163,95,43,79,8,4,4,2,1
721,3,CSE,9.33,Male,86,140,2,1,1,38,44,38,93,19,3,1,4,1
722,4,Civil,9.84,Female,85,14,1,36,1,155,37,33,51,2,15,0,9,1
723,1,CSE,9.46,Male,92,163,6,16,3,32,83,17,40,7,1,4,0,0
724,1,Mechanical,7.34,Male,72,144,2,16,5,108,37,11,80,4,10,2,1,1
725,1,Mechanical,8.73,Female,94,155,6,32,3,48,95,26,83,11,18,3,3,1
726,3,Civil,6.2,Male,98,48,3,9,6,170,51,9,42,6,7,3,8,0
727,3,CSE,5.32,Female,97,130,4,26,2,47,62,9,92,3,16,2,0,1
728,1,Civil,5.28,Male,81,54,6,14,3,157,55,46,90,3,6,4,7,0
729,4,Civil,6.21,Female,72,111,5,15,2,187,86,19,80,4,8,2,5,0
730,3,Mechanical,5.19,Male,77,86,1,16,3,116,45,44,54,9,18,4,2,1
731,1,Mechanical,9.25,Female,42,193,5,8,1,139,38,27,44,2,5,2,8,1
732,1,Mechanical,7.45,Male,73,74,3,13,1,192,49,23,59,2,6,0,8,0
733,4,Civil,9.05,Male,88,44,1,9,5,173,65,11,65,0,10,2,9,1
734,2,Civil,9.7,Male,67,32,2,38,6,153,55,43,66,19,9,2,7,1
735,3,ECE,9.97,Female,47,157,5,34,6,85,96,39,48,17,13,3,9,0
736,4,ECE,9.69,Female,88,183,3,33,2,107,89,40,67,15,5,3,6,1
737,1,Civil,8.58,Female,48,111,2,12,2,36,64,26,82,12,18,3,3,1
738,1,ECE,7.21,Male,44,102,1,9,2,92,97,49,72,4,2,3,3,0
739,4,Civil,7.99,Male,70,182,1,36,3,153,55,45,55,17,17,3,1,0
740,3,Mechanical,9.08,Female,92,110,2,26,1,78,47,25,89,19,19,1,6,1
741,2,CSE,9.49,Female,74,143,4,38,1,80,82,16,41,11,8,1,5,1
742,2,Mechanical,9.78,Female,97,22,5,19,2,74,83,43,65,14,15,0,9,0
743,1,Civil,8.65,Female,74,32,1,31,6,144,52,30,61,5,0,3,9,0
744,3,Mechanical,7.7,Male,44,195,1,37,4,160,44,49,91,19,2,4,4,1
745,2,Civil,9.84,Male,72,13,5,36,2,62,72,24,41,12,13,4,3,0
746,3,Civil,9.79,Female,86,45,3,16,5,130,30,8,46,0,18,1,1,1
747,3,ECE,7.39,Female,52,71,6,38,4,137,62,16,72,18,9,2,9,1
748,1,Civil,8.24,Male,64,152,6,5,3,82,75,21,55,18,11,1,8,0
749,2,CSE,9.05,Female,82,20,4,14,6,105,90,19,83,7,14,2,5,0
750,4,ECE,7.17,Female,63,62,5,12,3,131,56,10,99,11,11,4,0,1
751,1,CSE,9.15,Male,94,31,5,3,3,92,62,28,61,6,6,1,8,1
752,2,Civil,5.56,Male,50,167,5,6,3,166,50,46,52,4,7,2,6,0
753,2,Mechanical,7.41,Male,90,117,5,20,6,90,36,20,69,18,6,1,5,1
754,2,Civil,7.41,Male,58,155,5,13,2,102,97,37,93,13,8,0,0,1
755,2,Civil,8.42,Female,50,187,1,5,1,194,73,11,56,8,14,2,4,1
756,2,Mechanical,5.58,Male,72,170,6,25,5,75,78,47,81,18,6,3,4,0
757,3,Mechanical,5.52,Male,69,193,6,35,6,171,30,30,72,5,7,3,9,1
758,1,CSE,9.5,Male,53,155,6,12,4,104,45,11,61,17,13,4,4,1
759,3,ECE,6.52,Male,40,195,5,13,5,101,45,20,97,5,11,2,2,1
760,4,ECE,6.63,Male,70,123,1,31,1,33,36,20,95,19,17,4,4,1
761,2,ECE,8.88,Female,42,63,2,16,4,171,30,18,89,3,17,3,9,1
762,1,CSE,7.07,Female,82,80,5,27,1,24,32,40,52,8,5,4,4,1
763,2,CSE,9.16,Female,64,130,4,27,2,71,73,8,83,1,19,2,2,0
764,1,Mechanical,7.01,Male,64,131,5,34,1,104,76,16,78,2,9,3,6,1
765,3,ECE,8.8,Male,90,158,5,18,2,134,81,7,49,3,0,0,6,1
766,1,Civil,7.63,Female,93,107,4,24,1,48,60,21,56,3,0,0,5,0
767,4,CSE,9.68,Female,57,153,2,23,4,33,90,22,94,9,2,2,9,1
768,4,Civil,6.64,Female,83,22,5,37,2,20,70,30,63,2,10,1,7,1
769,1,ECE,6.81,Male,97,22,1,15,2,124,57,17,89,6,16,4,3,1
770,1,ECE,9.85,Male,93,98,4,23,6,15,57,30,74,7,19,2,8,1
771,1,CSE,8.69,Male,73,51,4,33,2,70,80,38,81,10,19,1,1,1
772,1,CSE,8.86,Male,53,106,5,13,6,82,75,31,41,11,10,0,0,1
773,4,Mechanical,6.48,Female,84,135,4,34,3,170,74,6,69,13,1,0,8,1
774,2,Civil,7.66,Female,83,34,5,39,6,114,39,38,97,13,18,4,4,1
775,1,Mechanical,6.57,Female,66,155,1,39,4,48,31,41,90,2,2,4,6,0
776,1,Mechanical,6.3,Female,70,62,3,2,3,149,49,33,77,1,9,1,6,0
777,4,Civil,7.68,Female,82,186,2,32,3,61,30,18,51,14,17,3,5,1
778,4,ECE,9.94,Male,41,89,2,33,2,143,96,11,64,18,4,3,5,1
779,3,Civil,6.07,Female,93,36,1,15,4,56,31,22,50,1,2,3,1,1
780,1,ECE,6.21,Female,71,33,4,20,2,27,56,44,77,2,7,1,9,1
781,3,Mechanical,6.22,Male,76,161,1,19,2,118,60,27,82,12,3,1,1,1
782,4,ECE,8.96,Male,73,74,1,7,6,18,97,26,84,12,2,2,7,1
783,4,ECE,7.55,Male,96,169,3,10,5,196,88,39,86,15,13,2,0,1
784,2,ECE,6.92,Female,97,82,4,39,6,147,40,28,76,3,2,2,3,1
785,1,Civil,9.22,Female,73,142,4,12,3,51,79,37,56,6,12,2,8,0
786,3,ECE,6.49,Male,69,159,1,14,1,196,33,45,74,7,17,1,8,1
787,4,Civil,6.96,Female,72,191,6,13,5,61,69,41,44,5,11,2,3,1
788,4,CSE,5.37,Female,63,65,3,14,5,10,34,42,67,5,6,2,4,1
789,3,CSE,5.59,Female,72,33,5,20,5,185,90,20,80,7,16,3,8,1
790,2,Mechanical,5.68,Male,65,39,6,22,3,51,63,43,73,6,6,1,4,0
791,4,Mechanical,6.73,Male,80,149,2,14,6,97,53,27,99,4,8,3,5,1
792,1,Civil,7.62,Male,75,125,3,6,1,153,70,34,79,13,13,4,8,0
793,4,ECE,5.0,Female,80,149,5,12,3,181,66,41,59,15,10,2,5,1
794,1,ECE,5.95,Male,98,30,2,15,5,114,49,33,80,16,2,4,4,1
795,3,CSE,5.88,Female,45,20,6,13,1,180,88,45,48,15,5,0,7,0
796,1,Civil,6.27,Female,96,94,6,22,6,90,61,42,54,16,2,1,8,1
797,3,ECE,5.83,Female,56,139,4,27,1,151,42,41,41,13,16,2,4,1
798,1,ECE,5.98,Male,63,100,3,30,4,148,56,44,54,13,12,3,9,0
799,3,Civil,9.92,Female,55,51,3,27,6,86,87,9,54,14,9,0,4,0
800,1,Mechanical,7.97,Female,83,34,2,6,1,140,46,27,59,14,11,2,8,1
801,2,Civil,8.81,Male,63,84,4,31,1,14,69,34,57,18,10,2,3,1
802,1,Civil,9.1,Female,44,129,6,4,5,159,83,5,96,18,1,3,0,0
803,1,ECE,8.34,Female,63,26,6,4,5,85,72,16,67,13,15,4,7,0
804,2,CSE,8.52,Male,93,99,6,2,3,186,36,37,70,17,4,3,9,0
805,4,ECE,8.16,Male,65,193,4,12,3,88,59,27,74,16,13,0,9,0
806,4,ECE,8.25,Female,59,190,6,22,1,42,35,31,88,11,8,0,9,0
807,1,ECE,9.64,Female,67,24,5,1,2,31,69,7,43,11,14,0,2,0
808,2,Civil,5.93,Male,59,92,2,10,3,67,97,13,56,13,17,0,6,0
809,1,Civil,6.37,Female,68,10,5,6,6,191,31,24,90,16,2,4,6,1
810,3,ECE,5.47,Female,73,98,6,14,6,156,79,35,88,17,13,1,1,1
811,3,ECE,9.19,Female,96,135,3,15,4,76,56,12,42,14,13,4,0,1
812,1,CSE,7.24,Female,90,123,4,19,4,177,68,27,72,19,16,0,8,1
813,4,Mechanical,9.54,Female,93,50,4,19,6,182,64,40,65,11,8,0,4,0
814,4,ECE,7.06,Female,67,193,4,37,2,112,38,49,42,3,17,0,4,1
815,1,Civil,7.21,Female,95,41,6,2,6,196,74,15,58,8,4,0,4,0
816,1,Mechanical,7.24,Female,65,28,1,35,2,137,74,19,79,5,14,1,1,1
817,3,Mechanical,8.06,Male,86,177,2,11,6,186,38,46,66,19,1,3,3,1
818,4,CSE,8.83,Male,71,59,5,36,1,87,49,35,95,4,7,4,1,0
819,1,Mechanical,6.76,Male,60,30,6,16,5,114,54,33,79,11,19,1,3,0
820,3,ECE,8.15,Female,57,145,5,5,3,197,41,7,75,6,17,1,3,0
821,4,ECE,6.02,Female,51,156,4,34,2,133,65,33,89,6,11,0,5,1
822,2,Civil,7.77,Female,74,67,4,16,3,111,47,28,66,12,16,3,9,1
823,3,ECE,7.73,Female,93,158,6,27,2,34,98,43,81,7,18,0,8,0
824,4,ECE,9.44,Female,61,64,1,25,1,36,95,27,83,12,13,2,3,0
825,4,CSE,9.48,Male,92,136,3,25,5,23,66,5,80,18,10,4,4,1
826,3,Mechanical,7.44,Male,96,44,4,25,5,187,45,48,68,18,1,1,0,0
827,2,CSE,5.12,Female,68,60,3,32,3,33,54,7,82,19,2,1,3,0
828,3,Mechanical,9.22,Female,58,94,6,33,3,65,49,27,48,15,16,0,1,0
829,4,CSE,5.0,Male,57,167,5,39,5,14,37,48,93,0,4,0,8,1
830,1,Civil,7.39,Male,95,116,4,6,6,147,41,19,48,12,16,3,2,1
831,1,CSE,5.1,Male,57,104,6,37,6,40,44,28,84,14,13,1,8,0
832,3,CSE,6.76,Female,83,140,4,7,3,51,70,39,66,10,11,2,7,1
833,4,Civil,8.18,Female,86,167,1,29,4,88,42,33,86,14,0,0,4,1
834,1,ECE,6.86,Female,88,55,3,16,1,52,68,24,51,0,2,1,2,1
835,4,ECE,9.63,Female,55,179,5,18,2,175,77,18,56,3,16,4,5,1
836,3,Civil,8.2,Female,83,198,6,12,6,71,94,43,48,1,12,3,0,1
837,1,Civil,8.23,Female,97,141,4,20,3,182,99,42,74,1,6,1,5,1
838,4,CSE,6.87,Female,98,72,2,5,2,147,77,16,90,16,6,4,2,1
839,1,Civil,5.19,Female,95,129,2,32,6,124,80,30,46,6,7,4,3,0
840,3,Civil,8.69,Male,58,57,4,31,3,13,45,22,42,0,4,2,8,0
841,4,Mechanical,8.58,Female,88,129,4,14,4,31,66,46,93,11,14,2,8,1
842,1,Mechanical,7.65,Female,91,164,5,29,1,180,59,37,52,8,12,2,7,1
843,3,ECE,7.08,Female,48,14,2,31,2,80,58,19,82,16,13,0,8,1
844,1,Civil,7.69,Male,72,190,4,16,4,136,74,8,51,5,5,3,0,0
845,1,CSE,8.73,Male,95,104,6,30,4,57,44,44,46,14,8,4,9,1
846,2,ECE,8.56,Female,52,187,2,18,4,68,83,41,95,15,6,4,8,1
847,2,ECE,8.29,Male,50,134,5,29,6,86,44,42,44,10,11,2,5,1
848,3,ECE,9.52,Male,72,56,2,14,5,82,83,15,58,13,3,0,5,1
849,2,Civil,8.05,Male,76,33,2,23,3,152,33,44,79,5,4,4,4,1
850,3,Civil,5.07,Female,69,21,3,32,1,50,65,46,49,0,1,2,8,1
851,2,CSE,8.09,Female,78,123,5,30,1,128,38,32,45,12,10,1,6,1
852,1,CSE,8.06,Male,85,139,4,30,6,182,51,20,95,10,3,4,3,1
853,3,ECE,5.35,Male,48,51,4,27,6,24,54,29,71,7,0,3,7,1
854,3,Civil,7.14,Male,62,33,5,29,2,172,46,34,85,18,8,3,1,0
855,1,CSE,8.26,Male,63,196,6,37,3,92,90,46,98,3,5,3,4,0
856,3,Mechanical,8.52,Female,71,15,3,7,6,196,99,10,41,6,2,1,3,0
857,3,Mechanical,9.47,Male,88,78,1,27,6,63,68,8,51,5,9,0,3,1
858,2,ECE,9.21,Female,77,170,5,15,1,186,75,9,44,16,14,2,2,1
859,3,Mechanical,5.58,Female,43,178,4,1,6,141,43,41,62,18,3,4,0,1
860,4,ECE,8.04,Female,83,33,3,17,1,149,45,13,40,9,12,2,8,1
861,1,Civil,7.98,Female,80,80,1,7,4,184,98,10,71,10,2,4,3,1
862,2,ECE,6.52,Male,85,74,1,27,1,28,72,31,85,11,16,3,1,0
863,2,ECE,5.92,Female,66,177,5,33,5,105,61,15,51,3,12,3,7,0
864,4,Civil,6.0,Female,50,17,1,33,1,38,53,39,81,0,2,3,9,1
865,1,CSE,5.89,Male,60,170,5,8,4,57,32,20,93,1,9,2,9,0
866,1,CSE,9.03,Male,53,44,6,31,3,78,48,47,46,0,18,3,3,1
867,2,CSE,5.74,Male,57,161,1,31,4,48,85,44,65,9,6,4,9,0
868,3,CSE,6.32,Male,98,72,1,16,6,151,66,14,88,14,5,0,9,0
869,2,ECE,6.09,Female,63,12,5,20,5,160,31,5,48,12,17,3,6,0
870,1,CSE,8.56,Female,59,101,1,36,5,163,71,32,63,2,14,2,6,0
871,4,Mechanical,5.79,Female,80,17,2,19,3,75,31,46,45,16,12,1,1,1
872,2,Mechanical,5.12,Male,65,147,6,34,1,53,43,17,47,2,19,4,9,1
873,1,CSE,6.87,Male,70,196,5,17,1,166,70,49,98,11,0,3,6,0
874,2,Mechanical,6.53,Male,91,144,2,21,2,71,79,31,87,3,0,4,0,1
875,3,Mechanical,6.99,Male,55,68,3,10,5,145,95,44,68,11,8,3,1,0
876,2,Civil,8.77,Female,80,136,5,22,3,81,34,13,49,5,11,1,2,1
877,2,Civil,5.06,Female,87,60,5,15,4,32,61,19,98,0,11,4,6,0
878,1,CSE,5.19,Male,81,165,5,16,2,61,91,25,66,16,17,1,7,0
879,1,ECE,6.28,Female,78,177,3,15,6,170,45,45,74,12,6,3,4,0
880,1,ECE,9.45,Female,58,80,6,15,5,97,75,24,78,9,8,4,3,1
881,2,Civil,5.85,Male,46,85,6,39,4,21,46,42,49,10,6,0,7,1
882,3,Civil,9.99,Female,91,47,1,35,4,30,36,5,58,4,4,1,2,0
883,4,ECE,9.03,Male,55,126,3,11,1,162,67,23,62,0,9,4,4,1
884,4,CSE,7.28,Female,63,175,4,19,1,197,75,36,43,16,11,1,5,1
885,1,ECE,8.74,Male,45,141,3,2,6,54,38,31,94,9,6,3,9,1
886,1,ECE,7.59,Female,79,157,1,26,5,159,46,9,54,17,9,4,9,1
887,2,Mechanical,7.83,Female,55,44,4,26,3,82,61,27,43,4,19,4,0,1
888,4,ECE,7.9,Female,96,133,3,14,6,10,76,45,63,12,13,2,0,1
889,1,Civil,8.24,Female,75,139,5,23,2,165,44,10,72,14,4,4,6,0
890,3,CSE,5.3,Female,78,111,2,8,2,70,49,40,40,15,16,4,6,1
891,3,ECE,8.08,Female,54,177,4,16,6,42,50,5,78,5,1,0,8,0
892,1,Mechanical,8.58,Male,79,89,1,19,1,36,90,16,97,13,4,1,8,0
893,1,Civil,6.55,Male,89,89,5,13,6,89,57,26,44,16,6,0,4,1
894,4,Civil,9.89,Female,43,75,5,25,1,90,40,8,54,8,12,2,7,1
895,4,Mechanical,5.72,Male,95,125,3,1,1,44,41,36,90,13,18,0,2,1
896,2,Civil,9.55,Female,41,30,3,8,1,179,63,42,53,15,1,0,7,1
897,4,Mechanical,8.38,Male,53,154,6,18,1,194,40,6,42,6,14,4,0,1
898,3,Civil,8.32,Male,99,158,6,39,5,98,79,35,63,14,14,2,1,0
899,3,Civil,9.38,Female,61,49,4,1,5,56,95,27,98,14,18,4,5,1
900,1,Civil,9.16,Female,41,41,2,15,5,119,61,8,42,10,12,0,5,1
901,4,Civil,6.73,Male,59,81,2,17,5,182,81,36,96,9,11,0,9,0
902,2,Mechanical,8.53,Female,43,85,5,31,3,110,35,26,81,15,0,1,2,0
903,3,ECE,5.25,Male,91,67,6,37,1,95,45,22,42,13,17,4,5,0
904,3,Civil,7.32,Male,73,32,6,22,1,188,60,18,64,14,19,3,8,1
905,2,Mechanical,9.69,Male,57,185,6,32,2,90,87,36,54,19,16,2,1,1
906,2,Mechanical,6.37,Female,89,89,3,23,5,129,93,28,54,1,6,3,2,0
907,3,Mechanical,5.25,Female,87,80,3,29,6,83,50,35,56,17,6,3,6,1
908,3,ECE,7.91,Male,94,113,2,29,6,20,39,31,46,12,0,4,5,1
909,2,CSE,6.78,Female,86,88,6,6,3,130,62,6,93,16,4,2,3,0
910,3,Mechanical,6.9,Male,88,17,5,27,3,42,66,19,65,11,13,2,8,1
911,1,Mechanical,7.91,Male,59,59,6,19,6,105,63,46,67,11,18,1,3,1
912,1,Mechanical,8.11,Male,65,170,5,38,4,12,61,42,49,14,14,3,4,0
913,2,ECE,7.19,Female,46,64,1,26,2,159,63,16,99,11,4,0,2,0
914,4,Civil,7.54,Female,93,126,5,26,1,95,50,9,46,4,1,3,5,1
915,2,ECE,9.97,Female,58,160,6,24,6,24,73,12,99,5,18,2,2,0
916,2,Mechanical,9.79,Female,63,121,6,5,5,79,95,10,49,1,14,3,7,1
917,4,CSE,8.54,Male,50,131,5,25,4,97,99,36,84,4,14,4,1,1
918,4,Mechanical,5.81,Male,55,63,5,19,6,169,79,44,88,4,8,3,7,1
919,4,Civil,6.8,Male,40,191,5,22,3,175,35,24,76,5,6,3,9,1
920,1,CSE,9.42,Male,75,61,4,28,6,160,53,24,68,2,18,2,4,1
921,3,CSE,7.12,Female,67,180,6,38,4,38,63,44,52,18,12,4,1,0
922,1,ECE,9.78,Male,52,97,5,34,5,94,95,34,47,14,11,4,8,0
923,3,ECE,7.44,Male,50,76,5,5,6,192,45,43,61,15,11,1,7,1
924,1,Civil,9.31,Female,93,23,3,6,2,44,87,22,56,17,4,0,5,1
925,3,ECE,5.18,Female,45,11,1,32,2,120,41,6,99,8,3,0,5,0
926,1,Civil,7.17,Female,98,194,3,15,1,43,35,47,50,2,6,2,3,1
927,4,CSE,8.5,Female,69,134,1,16,1,119,38,30,57,0,12,1,1,1
928,2,CSE,9.32,Male,91,83,1,11,5,21,64,15,98,16,15,3,5,1
929,1,CSE,8.05,Male,97,137,2,30,1,122,70,27,58,6,7,0,1,1
930,3,Civil,5.87,Female,76,119,6,17,5,155,61,41,68,11,12,3,8,1
931,4,ECE,9.43,Male,73,43,6,1,2,182,30,20,43,0,9,2,0,1
932,1,ECE,7.87,Male,89,35,3,14,5,177,71,37,87,4,18,4,7,0
933,1,ECE,5.54,Female,67,162,2,29,6,58,30,39,68,19,19,1,4,0
934,4,Mechanical,7.32,Female,48,70,3,8,3,104,53,40,69,18,4,4,8,0
935,1,CSE,8.49,Male,70,77,4,24,5,27,56,37,58,3,8,0,5,1
936,2,CSE,7.26,Female,45,196,6,21,4,41,98,23,54,3,5,2,3,0
937,1,Mechanical,9.35,Female,99,28,3,4,6,166,81,29,96,4,5,1,5,1
938,2,CSE,7.12,Female,97,11,6,24,6,152,40,23,73,16,9,4,2,1
939,2,CSE,7.92,Female,45,184,6,30,2,129,36,24,57,16,8,0,4,1
940,4,Mechanical,6.06,Female,75,59,2,7,4,194,95,35,51,10,13,1,2,1
941,1,CSE,7.56,Female,59,167,3,17,1,157,40,20,63,8,5,0,0,0
942,4,ECE,6.11,Female,79,63,4,11,6,112,53,29,56,2,8,2,6,0
943,1,Mechanical,6.13,Female,71,153,6,32,4,22,44,19,90,17,18,0,1,1
944,1,CSE,6.4,Male,86,48,5,23,6,133,66,28,54,14,15,1,9,1
945,3,ECE,5.22,Female,88,82,5,13,2,175,62,24,59,1,15,1,5,1
946,1,Civil,5.82,Female,71,87,1,14,1,36,65,12,65,17,3,4,7,1
947,4,CSE,7.12,Female,44,176,5,17,3,96,97,41,93,16,14,3,2,1
948,2,Mechanical,5.66,Male,77,60,2,16,6,82,45,29,76,18,15,3,6,1
949,1,ECE,5.67,Male,76,169,4,3,6,105,98,40,81,6,7,1,2,0
950,3,Civil,9.84,Male,49,33,5,26,1,161,95,8,50,4,4,4,9,0
951,4,Civil,7.14,Female,76,50,3,8,4,72,91,44,78,19,3,1,0,0
952,1,CSE,7.02,Female,86,18,2,13,2,168,54,45,69,8,13,0,3,1
953,4,Civil,6.34,Female,41,102,6,34,4,160,88,26,79,13,4,3,5,0
954,3,Mechanical,7.56,Female,46,194,4,8,5,192,31,11,50,5,3,4,9,1
955,3,Civil,7.98,Male,50,44,5,7,6,132,75,13,77,2,9,1,5,1
956,4,CSE,7.09,Female,40,177,1,18,6,140,90,23,86,5,15,2,1,1
957,1,Civil,6.97,Male,53,76,4,4,6,198,89,17,86,14,8,1,8,1
958,2,CSE,8.5,Female,60,177,4,20,6,28,53,20,86,10,16,1,6,0
959,3,Civil,9.75,Male,45,25,6,20,6,154,48,45,54,18,15,2,6,0
960,1,ECE,9.39,Female,87,36,4,3,1,32,50,45,69,19,2,1,3,1
961,1,CSE,5.59,Male,65,153,5,5,2,118,36,8,54,8,19,3,6,1
962,2,Mechanical,8.26,Male,56,17,1,4,3,183,48,25,82,1,17,4,0,0
963,3,Mechanical,5.04,Female,65,77,1,10,5,102,30,45,99,0,1,0,6,0
964,3,Civil,8.17,Female,46,115,1,27,4,38,99,22,71,4,6,1,5,0
965,1,ECE,7.32,Female,87,126,4,28,1,57,75,38,53,18,15,0,3,0
966,1,Civil,7.46,Female,40,158,6,30,1,38,48,10,48,9,15,4,4,0
967,2,Civil,7.94,Female,54,115,2,3,2,36,65,45,55,5,1,2,1,1
968,2,ECE,8.71,Female,70,16,5,10,2,112,73,38,86,8,6,2,0,0
969,3,CSE,8.65,Female,75,127,1,27,2,188,60,21,99,8,2,1,3,1
970,4,Mechanical,5.22,Male,45,150,5,22,3,78,96,28,74,3,19,1,3,1
971,3,ECE,8.68,Female,58,106,4,19,5,36,31,47,56,19,16,0,1,0
972,1,Civil,9.15,Male,45,49,3,26,2,111,30,48,95,7,8,4,4,1
973,3,CSE,5.34,Female,69,131,3,24,1,181,44,38,98,2,9,4,0,0
974,4,Civil,6.61,Male,74,183,1,17,1,91,64,27,69,4,6,1,8,1
975,2,CSE,8.96,Female,84,171,1,1,5,81,77,35,96,10,17,3,3,0
976,4,Mechanical,7.47,Female,96,86,5,32,5,181,98,35,86,9,18,0,8,1
977,4,Mechanical,8.47,Male,56,21,3,2,3,166,82,47,55,12,10,1,7,1
978,4,CSE,7.51,Male,55,116,1,1,6,81,88,36,90,16,9,1,9,1
979,2,Mechanical,9.89,Male,49,173,2,39,3,81,37,12,64,1,14,2,8,0
980,4,Civil,9.68,Female,75,157,6,13,4,162,82,22,50,0,9,4,4,0
981,4,CSE,6.41,Female,84,117,4,21,5,67,68,31,45,6,14,4,3,0
982,4,Civil,6.93,Female,57,155,4,35,3,99,58,42,81,17,13,0,1,1
983,1,CSE,7.16,Male,49,188,5,37,6,20,33,39,86,7,16,2,3,1
984,4,Civil,5.52,Male,91,54,6,3,2,54,73,15,53,1,5,2,8,1
985,2,Mechanical,7.02,Female,76,184,4,20,4,93,53,41,77,11,15,1,2,1
986,4,ECE,8.87,Male,43,73,1,34,5,136,67,30,74,12,7,2,3,0
987,4,Civil,9.23,Male,99,91,3,29,3,89,61,8,64,11,5,4,6,1
988,2,CSE,9.43,Male,47,140,6,27,5,160,52,48,70,10,1,1,5,0
989,4,Mechanical,5.07,Male,63,108,6,9,3,85,63,31,68,3,13,1,2,1
990,2,CSE,8.94,Female,86,178,2,32,1,147,35,32,51,6,5,4,5,1
991,4,Civil,7.51,Male,73,109,6,22,5,37,62,40,55,17,10,3,4,0
992,2,CSE,6.03,Female,51,38,3,26,4,73,85,44,43,16,2,0,1,1
993,4,CSE,7.49,Female,63,172,6,20,1,172,54,11,60,4,2,4,0,0
994,4,Civil,9.22,Male,97,62,4,27,5,81,60,24,84,5,8,1,4,0
995,1,Mechanical,7.17,Female,81,120,1,21,5,166,57,28,77,10,10,4,6,1
996,1,Mechanical,9.95,Female,83,127,3,1,2,20,79,16,75,7,1,1,7,1
997,4,Civil,8.08,Male,66,103,6,18,4,24,43,43,96,6,4,1,4,0
998,4,Mechanical,7.45,Male,96,80,2,18,4,149,84,30,70,19,17,3,6,1
999,3,ECE,6.47,Male,77,23,1,33,5,150,30,25,97,9,15,1,7,0
1000,2,CSE,5.06,Male,91,102,5,27,5,178,36,37,84,19,1,0,4,1
